<?xml version="1.0" encoding="UTF-8" standalone="no"?>
<ActionGroup>
<Images>
<Image source="4.i"/>
</Images>
<Modules>
<Module height="22" id="0" imgId="0" width="42" x="1" y="49"/>
<Module height="17" id="1" imgId="0" width="10" x="28" y="25"/>
<Module height="12" id="2" imgId="0" width="22" x="29" y="11"/>
<Module height="13" id="3" imgId="0" width="10" x="42" y="27"/>
<Module height="30" id="4" imgId="0" width="21" x="52" y="46"/>
<Module height="9" id="5" imgId="0" width="10" x="56" y="10"/>
<Module height="24" id="6" imgId="0" width="11" x="75" y="49"/>
<Module height="21" id="7" imgId="0" width="24" x="89" y="49"/>
<Module height="20" id="8" imgId="0" width="11" x="119" y="52"/>
<Module height="25" id="9" imgId="0" width="13" x="132" y="51"/>
<Module height="18" id="10" imgId="0" width="32" x="152" y="46"/>
<Module height="26" id="11" imgId="0" width="19" x="153" y="19"/>
<Module height="22" id="12" imgId="0" width="42" x="1" y="49"/>
<Module height="17" id="13" imgId="0" width="10" x="28" y="25"/>
<Module height="12" id="14" imgId="0" width="22" x="29" y="11"/>
<Module height="13" id="15" imgId="0" width="10" x="42" y="27"/>
<Module height="30" id="16" imgId="0" width="21" x="52" y="46"/>
<Module height="9" id="17" imgId="0" width="10" x="56" y="10"/>
<Module height="24" id="18" imgId="0" width="11" x="75" y="49"/>
<Module height="21" id="19" imgId="0" width="24" x="89" y="49"/>
<Module height="20" id="20" imgId="0" width="11" x="119" y="52"/>
<Module height="25" id="21" imgId="0" width="13" x="132" y="51"/>
<Module height="18" id="22" imgId="0" width="32" x="152" y="46"/>
<Module height="26" id="23" imgId="0" width="19" x="153" y="19"/>
<Module height="35" id="24" imgId="0" width="68" x="202" y="9"/>
<Module height="40" id="25" imgId="0" width="70" x="279" y="7"/>
<Module height="31" id="26" imgId="0" width="60" x="271" y="48"/>
<Module height="39" id="27" imgId="0" width="96" x="236" y="87"/>
<Module height="34" id="28" imgId="0" width="100" x="128" y="89"/>
<Module height="28" id="29" imgId="0" width="86" x="35" y="95"/>
<Module height="14" id="30" imgId="0" width="15" x="56" y="27"/>
<Module height="18" id="31" imgId="0" width="22" x="126" y="12"/>
<Module height="14" id="32" imgId="0" width="12" x="137" y="31"/>
<Module height="22" id="33" imgId="0" width="26" x="68" y="5"/>
<Module height="15" id="34" imgId="0" width="22" x="98" y="12"/>
<Module height="18" id="35" imgId="0" width="15" x="91" y="28"/>
<Module height="21" id="36" imgId="0" width="14" x="108" y="28"/>
<Module height="13" id="37" imgId="0" width="12" x="122" y="36"/>
</Modules>
<Frames>
<Frame id="0" name="动作帧">
<Module id="17" rotate="0" x="4" y="-28"/>
<Module id="36" rotate="0" x="-5" y="-37"/>
<Module id="31" rotate="0" x="-10" y="-52"/>
<Module id="3" rotate="0" x="-14" y="-36"/>
<Module id="9" rotate="0" x="-10" y="-16"/>
<Module id="8" rotate="0" x="0" y="-17"/>
</Frame>
<Frame id="1" name="动作帧">
<Module id="9" rotate="0" x="-10" y="-16"/>
<Module id="8" rotate="0" x="0" y="-16"/>
<Module id="17" rotate="0" x="4" y="-27"/>
<Module id="36" rotate="0" x="-5" y="-36"/>
<Module id="31" rotate="0" x="-10" y="-51"/>
<Module id="3" rotate="0" x="-14" y="-35"/>
</Frame>
<Frame id="2" name="动作帧">
<Module id="9" rotate="0" x="-10" y="-16"/>
<Module id="8" rotate="0" x="0" y="-16"/>
<Module id="17" rotate="0" x="4" y="-25"/>
<Module id="36" rotate="0" x="-5" y="-35"/>
<Module id="31" rotate="0" x="-10" y="-50"/>
<Module id="3" rotate="0" x="-14" y="-33"/>
</Frame>
<Frame id="3" name="动作帧">
<Module id="32" rotate="0" x="8" y="-36"/>
<Module id="9" rotate="0" x="-10" y="-16"/>
<Module id="8" rotate="0" x="-1" y="-18"/>
<Module id="36" rotate="0" x="-5" y="-35"/>
<Module id="31" rotate="0" x="-10" y="-50"/>
<Module id="37" rotate="0" x="-15" y="-38"/>
</Frame>
<Frame id="4" name="动作帧">
<Module id="32" rotate="6" x="-14" y="-37"/>
<Module id="9" rotate="0" x="-10" y="-16"/>
<Module id="8" rotate="0" x="-1" y="-18"/>
<Module id="36" rotate="2" x="-6" y="-35"/>
<Module id="31" rotate="0" x="-10" y="-50"/>
<Module id="37" rotate="2" x="6" y="-37"/>
</Frame>
<Frame id="5" name="动作帧">
<Module id="13" rotate="3" x="26" y="-46"/>
<Module id="31" rotate="0" x="30" y="-47"/>
<Module id="12" rotate="0" x="-7" y="-24"/>
<Module id="34" rotate="0" x="19" y="-32"/>
<Module id="27" rotate="0" x="-31" y="-50"/>
</Frame>
<Frame id="6" name="动作帧">
<Module id="5" rotate="0" x="60" y="-18"/>
<Module id="13" rotate="3" x="38" y="-44"/>
<Module id="31" rotate="0" x="42" y="-45"/>
<Module id="12" rotate="0" x="5" y="-22"/>
<Module id="34" rotate="0" x="31" y="-30"/>
<Module id="28" rotate="0" x="-16" y="-43"/>
</Frame>
<Frame id="7" name="动作帧">
<Module id="5" rotate="0" x="75" y="-13"/>
<Module id="13" rotate="3" x="53" y="-38"/>
<Module id="31" rotate="0" x="57" y="-39"/>
<Module id="12" rotate="0" x="20" y="-16"/>
<Module id="34" rotate="0" x="46" y="-24"/>
<Module id="29" rotate="0" x="27" y="-27"/>
</Frame>
<Frame id="8" name="动作帧">
<Module id="33" rotate="0" x="52" y="-10"/>
<Module id="31" rotate="0" x="58" y="-23"/>
</Frame>
<Frame id="9" name="动作帧">
<Module id="33" rotate="0" x="59" y="-10"/>
<Module id="31" rotate="0" x="65" y="-23"/>
</Frame>
<Frame id="10" name="动作帧">
<Module id="5" rotate="0" x="12" y="-49"/>
<Module id="18" rotate="0" x="10" y="-35"/>
<Module id="31" rotate="0" x="-1" y="-64"/>
<Module id="35" rotate="0" x="3" y="-47"/>
<Module id="9" rotate="0" x="0" y="-29"/>
<Module id="2" rotate="0" x="-14" y="-49"/>
</Frame>
<Frame id="11" name="动作帧">
<Module id="19" rotate="0" x="-2" y="-16"/>
<Module id="1" rotate="0" x="-4" y="-27"/>
<Module id="18" rotate="2" x="-13" y="-14"/>
<Module id="35" rotate="0" x="-12" y="-30"/>
<Module id="31" rotate="0" x="-16" y="-46"/>
<Module id="2" rotate="3" x="-8" y="-32"/>
</Frame>
<Frame id="12" name="动作帧">
<Module id="19" rotate="0" x="2" y="-16"/>
<Module id="18" rotate="2" x="-9" y="-14"/>
<Module id="17" rotate="0" x="4" y="-30"/>
<Module id="31" rotate="0" x="-12" y="-46"/>
<Module id="35" rotate="0" x="-8" y="-30"/>
<Module id="2" rotate="0" x="-25" y="-33"/>
</Frame>
<Frame id="13" name="动作帧">
<Module id="10" rotate="0" x="25" y="-46"/>
<Module id="6" rotate="4" x="17" y="-32"/>
<Module id="5" rotate="1" x="24" y="-51"/>
<Module id="31" rotate="0" x="10" y="-64"/>
<Module id="35" rotate="0" x="14" y="-47"/>
<Module id="2" rotate="5" x="12" y="-65"/>
</Frame>
<Frame id="14" name="动作帧">
<Module id="5" rotate="0" x="38" y="-51"/>
<Module id="31" rotate="0" x="25" y="-66"/>
<Module id="35" rotate="0" x="29" y="-49"/>
<Module id="2" rotate="0" x="12" y="-51"/>
<Module id="4" rotate="0" x="30" y="-36"/>
<Module id="25" rotate="0" x="29" y="-65"/>
</Frame>
<Frame id="15" name="动作帧">
<Module id="5" rotate="0" x="43" y="-51"/>
<Module id="31" rotate="0" x="30" y="-66"/>
<Module id="35" rotate="0" x="34" y="-49"/>
<Module id="2" rotate="0" x="17" y="-51"/>
<Module id="4" rotate="0" x="35" y="-36"/>
<Module id="24" rotate="0" x="36" y="-56"/>
</Frame>
<Frame id="16" name="动作帧">
<Module id="5" rotate="0" x="47" y="-50"/>
<Module id="31" rotate="0" x="34" y="-65"/>
<Module id="35" rotate="0" x="38" y="-48"/>
<Module id="2" rotate="0" x="21" y="-50"/>
<Module id="4" rotate="0" x="39" y="-35"/>
<Module id="26" rotate="0" x="41" y="-55"/>
</Frame>
<Frame id="17" name="动作帧">
<Module id="1" rotate="0" x="68" y="-42"/>
<Module id="18" rotate="0" x="58" y="-28"/>
<Module id="21" rotate="2" x="65" y="-27"/>
<Module id="35" rotate="0" x="56" y="-43"/>
<Module id="2" rotate="0" x="39" y="-45"/>
<Module id="31" rotate="0" x="53" y="-57"/>
</Frame>
<Frame id="18" name="动作帧">
<Module id="5" rotate="0" x="52" y="-48"/>
<Module id="31" rotate="0" x="39" y="-63"/>
<Module id="35" rotate="0" x="43" y="-46"/>
<Module id="2" rotate="0" x="26" y="-48"/>
<Module id="4" rotate="0" x="44" y="-33"/>
</Frame>
<Frame id="19" name="动作帧">
<Module id="33" rotate="0" x="67" y="-17"/>
<Module id="31" rotate="0" x="71" y="-31"/>
</Frame>
</Frames>
<Actions>
<Action id="0" name="1">
<Frame duration="100" frameId="0"/>
<Frame duration="100" frameId="1"/>
<Frame duration="100" frameId="2"/>
<Frame duration="100" frameId="1"/>
</Action>
<Action id="1" name="2">
<Frame duration="100" frameId="1"/>
<Frame duration="100" frameId="3"/>
<Frame duration="200" frameId="4"/>
<Frame duration="100" frameId="5"/>
<Frame duration="100" frameId="6"/>
<Frame duration="100" frameId="7"/>
<Frame duration="100" frameId="8"/>
<Frame duration="300" frameId="9"/>
</Action>
<Action id="2" name="3">
<Frame duration="100" frameId="1"/>
<Frame duration="100" frameId="12"/>
<Frame duration="100" frameId="11"/>
<Frame duration="100" frameId="10"/>
<Frame duration="100" frameId="13"/>
<Frame duration="100" frameId="14"/>
<Frame duration="100" frameId="15"/>
<Frame duration="100" frameId="16"/>
<Frame duration="100" frameId="18"/>
<Frame duration="100" frameId="17"/>
<Frame duration="100" frameId="19"/>
</Action>
</Actions>
</ActionGroup>
