<?xml version="1.0" encoding="UTF-8" standalone="no"?>
<ActionGroup>
<Images>
<Image source="11.i"/>
</Images>
<Modules>
<Module height="26" id="0" imgId="0" width="17" x="0" y="0"/>
<Module height="10" id="1" imgId="0" width="12" x="48" y="6"/>
<Module height="13" id="2" imgId="0" width="11" x="63" y="2"/>
<Module height="18" id="3" imgId="0" width="18" x="99" y="0"/>
<Module height="17" id="4" imgId="0" width="18" x="78" y="1"/>
<Module height="23" id="5" imgId="0" width="28" x="34" y="24"/>
<Module height="30" id="6" imgId="0" width="12" x="64" y="17"/>
<Module height="13" id="7" imgId="0" width="5" x="77" y="35"/>
<Module height="14" id="8" imgId="0" width="11" x="84" y="28"/>
<Module height="30" id="9" imgId="0" width="17" x="96" y="20"/>
<Module height="13" id="10" imgId="0" width="45" x="90" y="50"/>
<Module height="15" id="11" imgId="0" width="9" x="115" y="32"/>
<Module height="24" id="12" imgId="0" width="32" x="0" y="44"/>
<Module height="22" id="13" imgId="0" width="15" x="33" y="50"/>
<Module height="19" id="14" imgId="0" width="18" x="48" y="51"/>
<Module height="31" id="15" imgId="0" width="12" x="66" y="51"/>
<Module height="25" id="16" imgId="0" width="10" x="79" y="51"/>
<Module height="13" id="17" imgId="0" width="43" x="92" y="64"/>
<Module height="14" id="18" imgId="0" width="45" x="89" y="77"/>
<Module height="33" id="19" imgId="0" width="66" x="0" y="76"/>
<Module height="55" id="20" imgId="0" width="29" x="146" y="54"/>
<Module height="38" id="21" imgId="0" width="12" x="181" y="62"/>
<Module height="22" id="22" imgId="0" width="45" x="142" y="32"/>
<Module height="27" id="23" imgId="0" width="69" x="132" y="0"/>
<Module height="27" id="24" imgId="0" width="47" x="154" y="0"/>
</Modules>
<Frames>
<Frame id="0" name="动作帧">
<Module id="11" rotate="0" x="0" y="-25"/>
<Module id="7" rotate="0" x="-12" y="-21"/>
<Module id="6" rotate="0" x="-24" y="-38"/>
<Module id="3" rotate="0" x="-11" y="-42"/>
<Module id="15" rotate="0" x="-12" y="-6"/>
<Module id="16" rotate="0" x="-1" y="-8"/>
<Module id="13" rotate="0" x="-8" y="-25"/>
</Frame>
<Frame id="1" name="动作帧">
<Module id="11" rotate="0" x="0" y="-24"/>
<Module id="3" rotate="0" x="-11" y="-41"/>
<Module id="15" rotate="0" x="-12" y="-6"/>
<Module id="16" rotate="0" x="-1" y="-8"/>
<Module id="13" rotate="0" x="-8" y="-24"/>
<Module id="9" rotate="6" x="-26" y="-36"/>
</Frame>
<Frame id="2" name="动作帧">
<Module id="11" rotate="0" x="0" y="-23"/>
<Module id="7" rotate="0" x="-12" y="-20"/>
<Module id="6" rotate="0" x="-24" y="-36"/>
<Module id="3" rotate="0" x="-11" y="-40"/>
<Module id="15" rotate="0" x="-12" y="-6"/>
<Module id="16" rotate="0" x="-1" y="-8"/>
<Module id="13" rotate="0" x="-8" y="-24"/>
</Frame>
<Frame id="3" name="动作帧">
<Module id="11" rotate="0" x="0" y="-24"/>
<Module id="7" rotate="0" x="-12" y="-20"/>
<Module id="6" rotate="0" x="-24" y="-37"/>
<Module id="3" rotate="0" x="-11" y="-41"/>
<Module id="15" rotate="0" x="-12" y="-6"/>
<Module id="16" rotate="0" x="-1" y="-8"/>
<Module id="13" rotate="0" x="-8" y="-24"/>
</Frame>
<Frame id="4" name="动作帧">
<Module id="11" rotate="0" x="0" y="-24"/>
<Module id="3" rotate="0" x="-11" y="-41"/>
<Module id="15" rotate="0" x="-12" y="-6"/>
<Module id="16" rotate="0" x="-1" y="-8"/>
<Module id="13" rotate="0" x="-8" y="-24"/>
<Module id="18" rotate="0" x="-6" y="-28"/>
<Module id="17" rotate="0" x="-5" y="-25"/>
<Module id="24" rotate="0" x="39" y="-39"/>
</Frame>
<Frame id="5" name="动作帧">
<Module id="11" rotate="0" x="0" y="-24"/>
<Module id="3" rotate="0" x="-11" y="-41"/>
<Module id="15" rotate="0" x="-12" y="-6"/>
<Module id="16" rotate="0" x="-1" y="-8"/>
<Module id="13" rotate="0" x="-8" y="-24"/>
<Module id="9" rotate="0" x="-7" y="-39"/>
</Frame>
<Frame id="6" name="动作帧">
<Module id="11" rotate="0" x="0" y="-24"/>
<Module id="3" rotate="0" x="-11" y="-41"/>
<Module id="15" rotate="0" x="-12" y="-6"/>
<Module id="16" rotate="0" x="-1" y="-8"/>
<Module id="13" rotate="0" x="-8" y="-24"/>
<Module id="10" rotate="0" x="-7" y="-27"/>
<Module id="22" rotate="0" x="37" y="-33"/>
</Frame>
<Frame id="7" name="动作帧">
<Module id="14" rotate="0" x="-12" y="-25"/>
<Module id="3" rotate="0" x="-11" y="-40"/>
<Module id="15" rotate="0" x="-11" y="-7"/>
<Module id="16" rotate="0" x="-1" y="-8"/>
<Module id="9" rotate="0" x="-6" y="-38"/>
</Frame>
<Frame id="8" name="动作帧">
<Module id="11" rotate="4" x="-12" y="-18"/>
<Module id="14" rotate="0" x="-12" y="-25"/>
<Module id="3" rotate="0" x="-11" y="-40"/>
<Module id="15" rotate="0" x="-11" y="-7"/>
<Module id="16" rotate="0" x="-1" y="-8"/>
<Module id="10" rotate="0" x="-8" y="-28"/>
<Module id="22" rotate="0" x="36" y="-35"/>
</Frame>
<Frame id="9" name="动作帧">
<Module id="11" rotate="2" x="-18" y="-20"/>
<Module id="14" rotate="0" x="-13" y="-25"/>
<Module id="3" rotate="0" x="-12" y="-40"/>
<Module id="15" rotate="0" x="-11" y="-7"/>
<Module id="16" rotate="0" x="-1" y="-8"/>
<Module id="23" rotate="0" x="36" y="-41"/>
<Module id="18" rotate="0" x="-8" y="-30"/>
<Module id="17" rotate="0" x="-7" y="-27"/>
</Frame>
<Frame id="10" name="动作帧">
<Module id="11" rotate="2" x="-18" y="-20"/>
<Module id="14" rotate="0" x="-13" y="-25"/>
<Module id="3" rotate="0" x="-12" y="-40"/>
<Module id="15" rotate="0" x="-11" y="-7"/>
<Module id="16" rotate="0" x="-1" y="-8"/>
<Module id="18" rotate="0" x="-8" y="-30"/>
<Module id="17" rotate="0" x="-7" y="-27"/>
</Frame>
<Frame id="11" name="动作帧">
<Module id="11" rotate="0" x="12" y="-24"/>
<Module id="7" rotate="0" x="0" y="-20"/>
<Module id="6" rotate="0" x="-12" y="-37"/>
<Module id="3" rotate="0" x="1" y="-41"/>
<Module id="15" rotate="0" x="0" y="-6"/>
<Module id="13" rotate="0" x="4" y="-24"/>
<Module id="12" rotate="0" x="12" y="-9"/>
<Module id="20" rotate="0" x="24" y="-37"/>
</Frame>
<Frame id="12" name="动作帧">
<Module id="11" rotate="0" x="12" y="-24"/>
<Module id="7" rotate="0" x="0" y="-20"/>
<Module id="6" rotate="0" x="-12" y="-37"/>
<Module id="3" rotate="0" x="1" y="-41"/>
<Module id="15" rotate="0" x="0" y="-6"/>
<Module id="13" rotate="0" x="4" y="-24"/>
<Module id="12" rotate="0" x="12" y="-9"/>
<Module id="19" rotate="0" x="6" y="-9"/>
</Frame>
<Frame id="13" name="动作帧">
<Module id="11" rotate="0" x="0" y="-24"/>
<Module id="7" rotate="0" x="-12" y="-20"/>
<Module id="6" rotate="0" x="-24" y="-37"/>
<Module id="3" rotate="0" x="-11" y="-41"/>
<Module id="15" rotate="0" x="-12" y="-6"/>
<Module id="13" rotate="0" x="-8" y="-24"/>
<Module id="0" rotate="0" x="-1" y="-12"/>
</Frame>
<Frame id="14" name="动作帧">
<Module id="11" rotate="0" x="12" y="-24"/>
<Module id="7" rotate="0" x="0" y="-20"/>
<Module id="6" rotate="0" x="-12" y="-37"/>
<Module id="3" rotate="0" x="1" y="-41"/>
<Module id="15" rotate="0" x="0" y="-6"/>
<Module id="13" rotate="0" x="4" y="-24"/>
<Module id="12" rotate="0" x="12" y="-9"/>
</Frame>
</Frames>
<Actions>
<Action id="0" name="1">
<Frame duration="200" frameId="0"/>
<Frame duration="200" frameId="1"/>
<Frame duration="800" frameId="2"/>
<Frame duration="200" frameId="1"/>
</Action>
<Action id="1" name="2">
<Frame duration="100" frameId="3"/>
<Frame duration="100" frameId="1"/>
<Frame duration="100" frameId="5"/>
<Frame duration="100" frameId="6"/>
<Frame duration="100" frameId="4"/>
<Frame duration="100" frameId="5"/>
<Frame duration="100" frameId="6"/>
<Frame duration="100" frameId="4"/>
<Frame duration="100" frameId="7"/>
<Frame duration="100" frameId="8"/>
<Frame duration="100" frameId="9"/>
<Frame duration="100" frameId="10"/>
<Frame duration="100" frameId="7"/>
</Action>
<Action id="2" name="3">
<Frame duration="200" frameId="3"/>
<Frame duration="300" frameId="13"/>
<Frame duration="100" frameId="11"/>
<Frame duration="100" frameId="12"/>
<Frame duration="100" frameId="11"/>
<Frame duration="300" frameId="13"/>
<Frame duration="100" frameId="11"/>
<Frame duration="100" frameId="12"/>
<Frame duration="100" frameId="11"/>
</Action>
</Actions>
</ActionGroup>
