<?xml version="1.0" encoding="UTF-8" standalone="no"?>
<ActionGroup>
<Images>
<Image source="3.i"/>
</Images>
<Modules>
<Module height="7" id="0" imgId="0" width="17" x="157" y="48"/>
<Module height="6" id="1" imgId="0" width="18" x="160" y="29"/>
<Module height="8" id="2" imgId="0" width="15" x="162" y="39"/>
<Module height="22" id="3" imgId="0" width="15" x="173" y="62"/>
<Module height="17" id="4" imgId="0" width="10" x="181" y="10"/>
<Module height="30" id="5" imgId="0" width="12" x="182" y="30"/>
<Module height="25" id="6" imgId="0" width="10" x="191" y="61"/>
<Module height="18" id="7" imgId="0" width="25" x="196" y="37"/>
<Module height="23" id="8" imgId="0" width="26" x="202" y="62"/>
<Module height="14" id="9" imgId="0" width="11" x="224" y="40"/>
<Module height="20" id="10" imgId="0" width="14" x="230" y="63"/>
<Module height="17" id="11" imgId="0" width="13" x="236" y="39"/>
<Module height="18" id="12" imgId="0" width="23" x="252" y="38"/>
<Module height="11" id="13" imgId="0" width="63" x="271" y="70"/>
<Module height="5" id="14" imgId="0" width="16" x="333" y="34"/>
<Module height="30" id="15" imgId="0" width="99" x="33" y="0"/>
<Module height="29" id="16" imgId="0" width="102" x="35" y="32"/>
<Module height="29" id="17" imgId="0" width="134" x="7" y="61"/>
<Module height="18" id="18" imgId="0" width="23" x="281" y="25"/>
<Module height="20" id="19" imgId="0" width="24" x="309" y="26"/>
<Module height="20" id="20" imgId="0" width="21" x="202" y="9"/>
<Module height="21" id="21" imgId="0" width="25" x="223" y="14"/>
<Module height="20" id="22" imgId="0" width="25" x="249" y="15"/>
<Module height="15" id="23" imgId="0" width="13" x="146" y="57"/>
<Module height="27" id="24" imgId="0" width="13" x="159" y="57"/>
</Modules>
<Frames>
<Frame id="0" name="1">
<Module id="20" rotate="0" x="-11" y="-54"/>
<Module id="7" rotate="0" x="-15" y="-36"/>
<Module id="9" rotate="0" x="7" y="-33"/>
<Module id="13" rotate="0" x="-18" y="-27"/>
<Module id="11" rotate="0" x="-12" y="-34"/>
<Module id="5" rotate="0" x="-8" y="-19"/>
<Module id="6" rotate="0" x="2" y="-20"/>
</Frame>
<Frame id="1" name="1">
<Module id="20" rotate="0" x="-11" y="-53"/>
<Module id="7" rotate="0" x="-15" y="-35"/>
<Module id="9" rotate="0" x="7" y="-32"/>
<Module id="13" rotate="0" x="-18" y="-26"/>
<Module id="11" rotate="0" x="-12" y="-33"/>
<Module id="5" rotate="0" x="-8" y="-19"/>
<Module id="6" rotate="0" x="2" y="-20"/>
</Frame>
<Frame id="2" name="1">
<Module id="20" rotate="0" x="-11" y="-53"/>
<Module id="7" rotate="0" x="-15" y="-35"/>
<Module id="9" rotate="0" x="7" y="-31"/>
<Module id="13" rotate="0" x="-18" y="-25"/>
<Module id="11" rotate="0" x="-12" y="-32"/>
<Module id="5" rotate="0" x="-8" y="-19"/>
<Module id="6" rotate="0" x="2" y="-20"/>
</Frame>
<Frame id="3" name="1">
<Module id="4" rotate="6" x="6" y="-35"/>
<Module id="20" rotate="0" x="-11" y="-54"/>
<Module id="7" rotate="0" x="-15" y="-36"/>
<Module id="13" rotate="0" x="-17" y="-32"/>
<Module id="5" rotate="0" x="-8" y="-19"/>
<Module id="6" rotate="0" x="2" y="-20"/>
<Module id="1" rotate="0" x="-13" y="-29"/>
</Frame>
<Frame id="4" name="1">
<Module id="0" rotate="0" x="8" y="-32"/>
<Module id="20" rotate="0" x="-11" y="-54"/>
<Module id="7" rotate="0" x="-15" y="-36"/>
<Module id="13" rotate="0" x="-16" y="-37"/>
<Module id="5" rotate="0" x="-8" y="-19"/>
<Module id="6" rotate="0" x="2" y="-20"/>
<Module id="2" rotate="0" x="-7" y="-32"/>
</Frame>
<Frame id="5" name="1">
<Module id="0" rotate="0" x="8" y="-32"/>
<Module id="20" rotate="0" x="-11" y="-54"/>
<Module id="7" rotate="0" x="-15" y="-36"/>
<Module id="13" rotate="0" x="-16" y="-37"/>
<Module id="5" rotate="0" x="-8" y="-19"/>
<Module id="6" rotate="0" x="2" y="-20"/>
<Module id="1" rotate="0" x="-10" y="-39"/>
</Frame>
<Frame id="6" name="1">
<Module id="0" rotate="0" x="8" y="-32"/>
<Module id="20" rotate="0" x="-11" y="-54"/>
<Module id="7" rotate="0" x="-15" y="-36"/>
<Module id="13" rotate="0" x="-16" y="-37"/>
<Module id="5" rotate="0" x="-8" y="-19"/>
<Module id="6" rotate="0" x="2" y="-20"/>
<Module id="1" rotate="0" x="-14" y="-39"/>
</Frame>
<Frame id="7" name="1">
<Module id="0" rotate="0" x="8" y="-32"/>
<Module id="20" rotate="0" x="-11" y="-54"/>
<Module id="7" rotate="0" x="-15" y="-36"/>
<Module id="13" rotate="0" x="-16" y="-37"/>
<Module id="5" rotate="0" x="-8" y="-19"/>
<Module id="6" rotate="0" x="2" y="-20"/>
<Module id="4" rotate="6" x="-14" y="-37"/>
</Frame>
<Frame id="8" name="1">
<Module id="0" rotate="0" x="8" y="-36"/>
<Module id="20" rotate="0" x="-11" y="-54"/>
<Module id="7" rotate="0" x="-15" y="-36"/>
<Module id="13" rotate="0" x="-16" y="-40"/>
<Module id="5" rotate="0" x="-8" y="-19"/>
<Module id="6" rotate="0" x="2" y="-20"/>
<Module id="2" rotate="0" x="-9" y="-36"/>
</Frame>
<Frame id="9" name="1">
<Module id="21" rotate="0" x="-17" y="-54"/>
<Module id="0" rotate="0" x="8" y="-36"/>
<Module id="7" rotate="0" x="-15" y="-36"/>
<Module id="13" rotate="0" x="-16" y="-40"/>
<Module id="5" rotate="0" x="-7" y="-19"/>
<Module id="6" rotate="0" x="3" y="-21"/>
<Module id="2" rotate="0" x="-9" y="-36"/>
<Module id="14" rotate="0" x="35" y="-37"/>
<Module id="18" rotate="0" x="47" y="-44"/>
</Frame>
<Frame id="10" name="1">
<Module id="22" rotate="0" x="-15" y="-53"/>
<Module id="0" rotate="0" x="8" y="-36"/>
<Module id="7" rotate="0" x="-15" y="-36"/>
<Module id="13" rotate="0" x="-16" y="-40"/>
<Module id="5" rotate="0" x="-8" y="-19"/>
<Module id="6" rotate="0" x="2" y="-20"/>
<Module id="2" rotate="0" x="-9" y="-36"/>
<Module id="19" rotate="0" x="37" y="-44"/>
<Module id="14" rotate="0" x="59" y="-35"/>
</Frame>
<Frame id="11" name="1">
<Module id="20" rotate="0" x="-18" y="-50"/>
<Module id="7" rotate="0" x="-22" y="-32"/>
<Module id="9" rotate="0" x="0" y="-29"/>
<Module id="13" rotate="0" x="-25" y="-23"/>
<Module id="11" rotate="0" x="-19" y="-30"/>
<Module id="24" rotate="0" x="-17" y="-16"/>
<Module id="10" rotate="0" x="-4" y="-15"/>
</Frame>
<Frame id="12" name="1">
<Module id="20" rotate="0" x="-18" y="-50"/>
<Module id="7" rotate="0" x="-22" y="-32"/>
<Module id="9" rotate="2" x="-8" y="-29"/>
<Module id="13" rotate="0" x="-37" y="-21"/>
<Module id="24" rotate="0" x="-17" y="-16"/>
<Module id="10" rotate="0" x="-4" y="-15"/>
<Module id="9" rotate="2" x="-23" y="-30"/>
</Frame>
<Frame id="13" name="1">
<Module id="20" rotate="0" x="-18" y="-50"/>
<Module id="7" rotate="0" x="-22" y="-32"/>
<Module id="9" rotate="2" x="-9" y="-29"/>
<Module id="13" rotate="0" x="-39" y="-22"/>
<Module id="24" rotate="0" x="-17" y="-16"/>
<Module id="10" rotate="0" x="-4" y="-15"/>
<Module id="9" rotate="2" x="-24" y="-31"/>
</Frame>
<Frame id="14" name="1">
<Module id="21" rotate="0" x="2" y="-44"/>
<Module id="10" rotate="0" x="8" y="-12"/>
<Module id="8" rotate="0" x="-18" y="-13"/>
<Module id="12" rotate="0" x="-2" y="-30"/>
<Module id="13" rotate="0" x="-18" y="-24"/>
<Module id="11" rotate="5" x="-10" y="-30"/>
</Frame>
<Frame id="15" name="1">
<Module id="21" rotate="0" x="10" y="-42"/>
<Module id="10" rotate="0" x="12" y="-12"/>
<Module id="8" rotate="0" x="-14" y="-13"/>
<Module id="12" rotate="0" x="6" y="-28"/>
<Module id="17" rotate="0" x="-51" y="-25"/>
</Frame>
<Frame id="16" name="1">
<Module id="21" rotate="0" x="10" y="-42"/>
<Module id="10" rotate="0" x="12" y="-12"/>
<Module id="8" rotate="0" x="-14" y="-13"/>
<Module id="12" rotate="0" x="6" y="-28"/>
<Module id="9" rotate="0" x="12" y="-23"/>
<Module id="9" rotate="0" x="26" y="-22"/>
<Module id="16" rotate="0" x="-34" y="-26"/>
</Frame>
<Frame id="17" name="1">
<Module id="21" rotate="0" x="10" y="-42"/>
<Module id="10" rotate="0" x="12" y="-12"/>
<Module id="8" rotate="0" x="-14" y="-13"/>
<Module id="12" rotate="0" x="6" y="-28"/>
<Module id="9" rotate="0" x="12" y="-23"/>
<Module id="9" rotate="0" x="26" y="-22"/>
<Module id="15" rotate="0" x="-44" y="-28"/>
</Frame>
<Frame id="18" name="1">
<Module id="20" rotate="0" x="-9" y="-51"/>
<Module id="7" rotate="0" x="-13" y="-33"/>
<Module id="9" rotate="0" x="9" y="-30"/>
<Module id="13" rotate="0" x="-16" y="-24"/>
<Module id="11" rotate="0" x="-10" y="-31"/>
<Module id="24" rotate="0" x="-8" y="-17"/>
<Module id="10" rotate="0" x="5" y="-16"/>
</Frame>
</Frames>
<Actions>
<Action id="0" name="1">
<Frame duration="200" frameId="0"/>
<Frame duration="200" frameId="1"/>
<Frame duration="200" frameId="2"/>
<Frame duration="200" frameId="1"/>
</Action>
<Action id="1" name="2">
<Frame duration="100" frameId="0"/>
<Frame duration="100" frameId="3"/>
<Frame duration="100" frameId="4"/>
<Frame duration="100" frameId="5"/>
<Frame duration="100" frameId="6"/>
<Frame duration="100" frameId="7"/>
<Frame duration="100" frameId="8"/>
<Frame duration="100" frameId="9"/>
<Frame duration="100" frameId="10"/>
<Frame duration="100" frameId="8"/>
<Frame duration="100" frameId="5"/>
<Frame duration="100" frameId="7"/>
<Frame duration="100" frameId="3"/>
</Action>
<Action id="2" name="3">
<Frame duration="100" frameId="0"/>
<Frame duration="100" frameId="3"/>
<Frame duration="100" frameId="4"/>
<Frame duration="100" frameId="8"/>
<Frame duration="100" frameId="9"/>
<Frame duration="100" frameId="10"/>
<Frame duration="100" frameId="8"/>
<Frame duration="100" frameId="9"/>
<Frame duration="100" frameId="10"/>
<Frame duration="100" frameId="8"/>
<Frame duration="100" frameId="9"/>
<Frame duration="100" frameId="10"/>
<Frame duration="100" frameId="7"/>
</Action>
<Action id="3" name="4">
<Frame duration="100" frameId="0"/>
<Frame duration="100" frameId="11"/>
<Frame duration="100" frameId="12"/>
<Frame duration="100" frameId="13"/>
<Frame duration="100" frameId="14"/>
<Frame duration="100" frameId="15"/>
<Frame duration="100" frameId="16"/>
<Frame duration="100" frameId="17"/>
<Frame duration="100" frameId="14"/>
<Frame duration="100" frameId="18"/>
<Frame duration="100" frameId="18"/>
</Action>
</Actions>
</ActionGroup>
