<?xml version="1.0" encoding="UTF-8" standalone="no"?>
<ActionGroup>
<Images>
<Image source="5.i"/>
</Images>
<Modules>
<Module height="28" id="0" imgId="0" width="85" x="224" y="19"/>
<Module height="22" id="1" imgId="0" width="51" x="0" y="98"/>
<Module height="14" id="2" imgId="0" width="57" x="0" y="30"/>
<Module height="17" id="3" imgId="0" width="28" x="2" y="73"/>
<Module height="22" id="4" imgId="0" width="52" x="0" y="5"/>
<Module height="11" id="5" imgId="0" width="28" x="12" y="47"/>
<Module height="11" id="6" imgId="0" width="27" x="14" y="60"/>
<Module height="14" id="7" imgId="0" width="18" x="34" y="74"/>
<Module height="22" id="8" imgId="0" width="20" x="49" y="50"/>
<Module height="34" id="9" imgId="0" width="65" x="69" y="90"/>
<Module height="19" id="10" imgId="0" width="20" x="71" y="8"/>
<Module height="26" id="11" imgId="0" width="18" x="77" y="51"/>
<Module height="19" id="12" imgId="0" width="19" x="81" y="29"/>
<Module height="20" id="13" imgId="0" width="18" x="94" y="5"/>
<Module height="19" id="14" imgId="0" width="15" x="101" y="52"/>
<Module height="22" id="15" imgId="0" width="9" x="104" y="28"/>
<Module height="19" id="16" imgId="0" width="16" x="116" y="6"/>
<Module height="18" id="17" imgId="0" width="25" x="118" y="29"/>
<Module height="10" id="18" imgId="0" width="32" x="121" y="63"/>
<Module height="11" id="19" imgId="0" width="12" x="121" y="49"/>
<Module height="18" id="20" imgId="0" width="13" x="134" y="2"/>
<Module height="21" id="21" imgId="0" width="15" x="147" y="28"/>
<Module height="18" id="22" imgId="0" width="18" x="149" y="7"/>
<Module height="29" id="23" imgId="0" width="13" x="155" y="50"/>
<Module height="11" id="24" imgId="0" width="26" x="171" y="12"/>
<Module height="58" id="25" imgId="0" width="90" x="225" y="55"/>
<Module height="48" id="26" imgId="0" width="90" x="323" y="65"/>
<Module height="22" id="27" imgId="0" width="81" x="421" y="88"/>
<Module height="18" id="28" imgId="0" width="15" x="192" y="28"/>
<Module height="21" id="29" imgId="0" width="22" x="167" y="28"/>
<Module height="23" id="30" imgId="0" width="11" x="169" y="49"/>
<Module height="19" id="31" imgId="0" width="32" x="182" y="52"/>
<Module height="36" id="32" imgId="0" width="99" x="317" y="11"/>
<Module height="38" id="33" imgId="0" width="97" x="423" y="12"/>
<Module height="40" id="34" imgId="0" width="74" x="143" y="85"/>
</Modules>
<Frames>
<Frame id="0" name="动作帧">
<Module id="23" rotate="0" x="-7" y="-23"/>
<Module id="30" rotate="0" x="4" y="-23"/>
<Module id="4" rotate="7" x="10" y="-72"/>
<Module id="19" rotate="0" x="6" y="-34"/>
<Module id="21" rotate="0" x="-4" y="-43"/>
<Module id="10" rotate="0" x="-11" y="-59"/>
<Module id="18" rotate="0" x="-35" y="-22"/>
<Module id="15" rotate="0" x="-13" y="-39"/>
</Frame>
<Frame id="1" name="动作帧">
<Module id="23" rotate="0" x="-7" y="-23"/>
<Module id="30" rotate="0" x="4" y="-23"/>
<Module id="4" rotate="7" x="10" y="-73"/>
<Module id="19" rotate="0" x="6" y="-35"/>
<Module id="21" rotate="0" x="-4" y="-43"/>
<Module id="10" rotate="0" x="-11" y="-59"/>
<Module id="18" rotate="0" x="-35" y="-23"/>
<Module id="15" rotate="0" x="-13" y="-40"/>
</Frame>
<Frame id="2" name="动作帧">
<Module id="23" rotate="0" x="-7" y="-23"/>
<Module id="30" rotate="0" x="4" y="-23"/>
<Module id="4" rotate="7" x="10" y="-71"/>
<Module id="19" rotate="0" x="6" y="-33"/>
<Module id="21" rotate="0" x="-4" y="-42"/>
<Module id="10" rotate="0" x="-11" y="-58"/>
<Module id="18" rotate="0" x="-35" y="-21"/>
<Module id="15" rotate="0" x="-13" y="-38"/>
</Frame>
<Frame id="3" name="动作帧">
<Module id="25" rotate="6" x="38" y="-87"/>
<Module id="11" rotate="0" x="29" y="-31"/>
<Module id="14" rotate="0" x="45" y="-30"/>
<Module id="5" rotate="7" x="48" y="-41"/>
<Module id="12" rotate="0" x="40" y="-48"/>
<Module id="18" rotate="0" x="13" y="-28"/>
<Module id="15" rotate="0" x="35" y="-45"/>
<Module id="4" rotate="1" x="45" y="-22"/>
<Module id="10" rotate="0" x="41" y="-59"/>
<Module id="1" rotate="0" x="51" y="-18"/>
</Frame>
<Frame id="4" name="动作帧">
<Module id="12" rotate="0" x="5" y="-38"/>
<Module id="10" rotate="0" x="5" y="-52"/>
<Module id="18" rotate="5" x="-6" y="-49"/>
<Module id="11" rotate="0" x="-6" y="-21"/>
<Module id="14" rotate="0" x="10" y="-20"/>
<Module id="2" rotate="3" x="-30" y="-27"/>
<Module id="29" rotate="0" x="0" y="-36"/>
<Module id="1" rotate="3" x="-26" y="-31"/>
</Frame>
<Frame id="5" name="动作帧">
<Module id="12" rotate="0" x="5" y="-38"/>
<Module id="10" rotate="0" x="5" y="-52"/>
<Module id="18" rotate="5" x="-6" y="-49"/>
<Module id="11" rotate="0" x="-6" y="-21"/>
<Module id="14" rotate="0" x="10" y="-20"/>
<Module id="2" rotate="3" x="-30" y="-27"/>
<Module id="29" rotate="0" x="0" y="-36"/>
<Module id="9" rotate="2" x="-37" y="-40"/>
</Frame>
<Frame id="6" name="动作帧">
<Module id="18" rotate="3" x="4" y="-41"/>
<Module id="28" rotate="0" x="25" y="-42"/>
<Module id="3" rotate="0" x="3" y="-15"/>
<Module id="7" rotate="0" x="26" y="-15"/>
<Module id="31" rotate="0" x="14" y="-31"/>
<Module id="10" rotate="0" x="30" y="-42"/>
<Module id="25" rotate="0" x="-2" y="-61"/>
<Module id="8" rotate="6" x="-3" y="-30"/>
</Frame>
<Frame id="7" name="动作帧">
<Module id="12" rotate="0" x="5" y="-38"/>
<Module id="10" rotate="0" x="5" y="-52"/>
<Module id="18" rotate="5" x="-6" y="-49"/>
<Module id="11" rotate="0" x="-6" y="-21"/>
<Module id="14" rotate="0" x="10" y="-20"/>
<Module id="2" rotate="3" x="-30" y="-27"/>
<Module id="29" rotate="0" x="0" y="-36"/>
<Module id="34" rotate="0" x="-38" y="-48"/>
</Frame>
<Frame id="8" name="动作帧">
<Module id="18" rotate="3" x="4" y="-41"/>
<Module id="28" rotate="0" x="25" y="-42"/>
<Module id="3" rotate="0" x="3" y="-15"/>
<Module id="7" rotate="0" x="26" y="-15"/>
<Module id="31" rotate="0" x="14" y="-31"/>
<Module id="10" rotate="0" x="30" y="-42"/>
<Module id="26" rotate="0" x="0" y="-51"/>
<Module id="8" rotate="6" x="-3" y="-30"/>
</Frame>
<Frame id="9" name="动作帧">
<Module id="18" rotate="3" x="4" y="-41"/>
<Module id="28" rotate="0" x="25" y="-42"/>
<Module id="3" rotate="0" x="3" y="-15"/>
<Module id="7" rotate="0" x="26" y="-15"/>
<Module id="31" rotate="0" x="14" y="-31"/>
<Module id="10" rotate="0" x="30" y="-42"/>
<Module id="27" rotate="0" x="-1" y="-26"/>
<Module id="8" rotate="6" x="-3" y="-30"/>
</Frame>
<Frame id="10" name="动作帧">
<Module id="18" rotate="3" x="4" y="-41"/>
<Module id="28" rotate="0" x="25" y="-42"/>
<Module id="3" rotate="0" x="3" y="-15"/>
<Module id="7" rotate="0" x="26" y="-15"/>
<Module id="31" rotate="0" x="14" y="-31"/>
<Module id="10" rotate="0" x="30" y="-42"/>
<Module id="8" rotate="6" x="-3" y="-30"/>
</Frame>
<Frame id="11" name="动作帧">
<Module id="5" rotate="6" x="18" y="-32"/>
<Module id="12" rotate="0" x="5" y="-38"/>
<Module id="10" rotate="0" x="5" y="-52"/>
<Module id="18" rotate="5" x="-18" y="-65"/>
<Module id="15" rotate="5" x="-12" y="-42"/>
<Module id="4" rotate="1" x="16" y="-13"/>
<Module id="11" rotate="0" x="-6" y="-21"/>
<Module id="14" rotate="0" x="10" y="-20"/>
</Frame>
<Frame id="12" name="动作帧">
<Module id="26" rotate="6" x="55" y="-80"/>
<Module id="11" rotate="0" x="34" y="-24"/>
<Module id="14" rotate="0" x="50" y="-23"/>
<Module id="5" rotate="7" x="53" y="-34"/>
<Module id="12" rotate="0" x="45" y="-41"/>
<Module id="18" rotate="5" x="23" y="-68"/>
<Module id="15" rotate="5" x="28" y="-44"/>
<Module id="4" rotate="1" x="50" y="-15"/>
<Module id="10" rotate="0" x="46" y="-52"/>
<Module id="9" rotate="0" x="61" y="-19"/>
</Frame>
<Frame id="13" name="动作帧">
<Module id="11" rotate="0" x="15" y="-19"/>
<Module id="14" rotate="0" x="31" y="-18"/>
<Module id="5" rotate="7" x="34" y="-29"/>
<Module id="12" rotate="0" x="26" y="-36"/>
<Module id="18" rotate="5" x="4" y="-63"/>
<Module id="15" rotate="5" x="9" y="-39"/>
<Module id="4" rotate="1" x="31" y="-10"/>
<Module id="10" rotate="0" x="27" y="-47"/>
</Frame>
<Frame id="14" name="动作帧">
<Module id="27" rotate="6" x="83" y="-65"/>
<Module id="11" rotate="0" x="40" y="-19"/>
<Module id="14" rotate="0" x="56" y="-18"/>
<Module id="5" rotate="7" x="59" y="-29"/>
<Module id="12" rotate="0" x="51" y="-36"/>
<Module id="18" rotate="5" x="29" y="-63"/>
<Module id="15" rotate="5" x="34" y="-39"/>
<Module id="4" rotate="1" x="56" y="-10"/>
<Module id="10" rotate="0" x="52" y="-47"/>
<Module id="34" rotate="0" x="69" y="-21"/>
</Frame>
<Frame id="15" name="动作帧">
<Module id="5" rotate="6" x="18" y="-32"/>
<Module id="12" rotate="0" x="5" y="-38"/>
<Module id="10" rotate="0" x="5" y="-52"/>
<Module id="18" rotate="5" x="-18" y="-65"/>
<Module id="15" rotate="5" x="-12" y="-42"/>
<Module id="4" rotate="1" x="16" y="-13"/>
<Module id="11" rotate="0" x="-6" y="-21"/>
<Module id="14" rotate="0" x="10" y="-20"/>
</Frame>
<Frame id="16" name="动作帧">
<Module id="2" rotate="0" x="-3" y="-44"/>
<Module id="20" rotate="0" x="-3" y="-44"/>
<Module id="22" rotate="0" x="0" y="-33"/>
<Module id="10" rotate="0" x="7" y="-48"/>
<Module id="24" rotate="0" x="13" y="-28"/>
<Module id="13" rotate="0" x="-8" y="-15"/>
<Module id="14" rotate="0" x="8" y="-18"/>
<Module id="18" rotate="0" x="-18" y="-22"/>
</Frame>
<Frame id="17" name="动作帧">
<Module id="2" rotate="0" x="-3" y="-44"/>
<Module id="20" rotate="0" x="-3" y="-44"/>
<Module id="24" rotate="0" x="13" y="-28"/>
<Module id="13" rotate="0" x="-8" y="-15"/>
<Module id="14" rotate="0" x="8" y="-18"/>
<Module id="1" rotate="0" x="6" y="-51"/>
<Module id="22" rotate="0" x="0" y="-33"/>
<Module id="10" rotate="0" x="3" y="-48"/>
<Module id="18" rotate="0" x="-18" y="-22"/>
</Frame>
<Frame id="18" name="动作帧">
<Module id="2" rotate="0" x="-3" y="-44"/>
<Module id="9" rotate="0" x="5" y="-56"/>
<Module id="20" rotate="0" x="-3" y="-44"/>
<Module id="24" rotate="0" x="13" y="-28"/>
<Module id="13" rotate="0" x="-8" y="-15"/>
<Module id="14" rotate="0" x="8" y="-18"/>
<Module id="22" rotate="0" x="0" y="-33"/>
<Module id="10" rotate="0" x="3" y="-48"/>
<Module id="18" rotate="0" x="-18" y="-22"/>
</Frame>
<Frame id="19" name="动作帧">
<Module id="2" rotate="0" x="-3" y="-44"/>
<Module id="34" rotate="0" x="4" y="-65"/>
<Module id="20" rotate="0" x="-3" y="-44"/>
<Module id="24" rotate="0" x="13" y="-28"/>
<Module id="13" rotate="0" x="-8" y="-15"/>
<Module id="14" rotate="0" x="8" y="-18"/>
<Module id="22" rotate="0" x="0" y="-33"/>
<Module id="10" rotate="0" x="3" y="-48"/>
<Module id="18" rotate="0" x="-18" y="-22"/>
</Frame>
<Frame id="20" name="动作帧">
<Module id="33" rotate="1" x="-1" y="-51"/>
<Module id="4" rotate="0" x="36" y="-43"/>
<Module id="5" rotate="3" x="22" y="-30"/>
<Module id="3" rotate="0" x="-7" y="-13"/>
<Module id="7" rotate="0" x="16" y="-13"/>
<Module id="17" rotate="0" x="4" y="-26"/>
<Module id="10" rotate="0" x="12" y="-40"/>
<Module id="18" rotate="0" x="-8" y="-16"/>
</Frame>
<Frame id="21" name="动作帧">
<Module id="32" rotate="1" x="1" y="-46"/>
<Module id="4" rotate="0" x="41" y="-43"/>
<Module id="5" rotate="3" x="27" y="-30"/>
<Module id="3" rotate="0" x="-2" y="-13"/>
<Module id="7" rotate="0" x="21" y="-13"/>
<Module id="17" rotate="0" x="9" y="-26"/>
<Module id="10" rotate="0" x="17" y="-40"/>
<Module id="18" rotate="0" x="-3" y="-16"/>
</Frame>
<Frame id="22" name="动作帧">
<Module id="4" rotate="0" x="48" y="-43"/>
<Module id="5" rotate="3" x="34" y="-30"/>
<Module id="3" rotate="0" x="5" y="-13"/>
<Module id="7" rotate="0" x="28" y="-13"/>
<Module id="17" rotate="0" x="16" y="-26"/>
<Module id="10" rotate="0" x="24" y="-40"/>
<Module id="18" rotate="0" x="4" y="-16"/>
</Frame>
<Frame id="23" name="动作帧">
<Module id="0" rotate="1" x="35" y="-50"/>
<Module id="4" rotate="0" x="47" y="-43"/>
<Module id="5" rotate="3" x="33" y="-30"/>
<Module id="3" rotate="0" x="4" y="-13"/>
<Module id="7" rotate="0" x="27" y="-13"/>
<Module id="17" rotate="0" x="15" y="-26"/>
<Module id="10" rotate="0" x="23" y="-40"/>
<Module id="18" rotate="0" x="3" y="-16"/>
</Frame>
<Frame id="24" name="动作帧">
<Module id="33" rotate="0" x="30" y="-35"/>
<Module id="2" rotate="0" x="63" y="-19"/>
<Module id="5" rotate="2" x="49" y="-23"/>
<Module id="3" rotate="0" x="19" y="-13"/>
<Module id="7" rotate="0" x="42" y="-13"/>
<Module id="17" rotate="0" x="30" y="-26"/>
<Module id="10" rotate="0" x="38" y="-40"/>
<Module id="18" rotate="0" x="18" y="-16"/>
</Frame>
<Frame id="25" name="动作帧">
<Module id="32" rotate="0" x="33" y="-36"/>
<Module id="2" rotate="0" x="64" y="-19"/>
<Module id="5" rotate="2" x="50" y="-23"/>
<Module id="3" rotate="0" x="20" y="-13"/>
<Module id="7" rotate="0" x="43" y="-13"/>
<Module id="17" rotate="0" x="31" y="-26"/>
<Module id="10" rotate="0" x="39" y="-40"/>
<Module id="18" rotate="0" x="19" y="-16"/>
</Frame>
<Frame id="26" name="动作帧">
<Module id="0" rotate="0" x="64" y="-28"/>
<Module id="2" rotate="0" x="73" y="-19"/>
<Module id="5" rotate="2" x="59" y="-23"/>
<Module id="3" rotate="0" x="29" y="-13"/>
<Module id="7" rotate="0" x="52" y="-13"/>
<Module id="17" rotate="0" x="40" y="-26"/>
<Module id="10" rotate="0" x="48" y="-40"/>
<Module id="18" rotate="0" x="28" y="-16"/>
</Frame>
<Frame id="27" name="动作帧">
<Module id="2" rotate="0" x="73" y="-19"/>
<Module id="5" rotate="2" x="59" y="-23"/>
<Module id="3" rotate="0" x="29" y="-13"/>
<Module id="7" rotate="0" x="52" y="-13"/>
<Module id="17" rotate="0" x="40" y="-26"/>
<Module id="10" rotate="0" x="48" y="-40"/>
<Module id="18" rotate="0" x="28" y="-16"/>
</Frame>
<Frame id="28" name="动作帧">
<Module id="32" rotate="1" x="29" y="-46"/>
<Module id="4" rotate="0" x="69" y="-43"/>
<Module id="5" rotate="3" x="55" y="-30"/>
<Module id="3" rotate="0" x="26" y="-13"/>
<Module id="7" rotate="0" x="49" y="-13"/>
<Module id="17" rotate="0" x="37" y="-26"/>
<Module id="10" rotate="0" x="45" y="-40"/>
<Module id="18" rotate="0" x="25" y="-16"/>
</Frame>
<Frame id="29" name="动作帧">
<Module id="4" rotate="0" x="75" y="-43"/>
<Module id="5" rotate="3" x="61" y="-30"/>
<Module id="3" rotate="0" x="32" y="-13"/>
<Module id="7" rotate="0" x="55" y="-13"/>
<Module id="17" rotate="0" x="43" y="-26"/>
<Module id="10" rotate="0" x="51" y="-40"/>
<Module id="18" rotate="0" x="31" y="-16"/>
</Frame>
<Frame id="30" name="动作帧">
<Module id="32" rotate="0" x="43" y="-36"/>
<Module id="2" rotate="0" x="74" y="-19"/>
<Module id="5" rotate="2" x="60" y="-23"/>
<Module id="3" rotate="0" x="30" y="-13"/>
<Module id="7" rotate="0" x="53" y="-13"/>
<Module id="17" rotate="0" x="41" y="-26"/>
<Module id="10" rotate="0" x="49" y="-40"/>
<Module id="18" rotate="0" x="29" y="-16"/>
</Frame>
<Frame id="31" name="动作帧">
<Module id="2" rotate="0" x="82" y="-19"/>
<Module id="5" rotate="2" x="68" y="-23"/>
<Module id="3" rotate="0" x="38" y="-13"/>
<Module id="7" rotate="0" x="61" y="-13"/>
<Module id="17" rotate="0" x="49" y="-26"/>
<Module id="10" rotate="0" x="57" y="-40"/>
<Module id="18" rotate="0" x="37" y="-16"/>
</Frame>
</Frames>
<Actions>
<Action id="0" name="1">
<Frame duration="200" frameId="1"/>
<Frame duration="200" frameId="0"/>
<Frame duration="200" frameId="2"/>
<Frame duration="200" frameId="0"/>
</Action>
<Action id="1" name="2">
<Frame duration="100" frameId="0"/>
<Frame duration="100" frameId="11"/>
<Frame duration="100" frameId="4"/>
<Frame duration="100" frameId="5"/>
<Frame duration="100" frameId="7"/>
<Frame duration="100" frameId="4"/>
<Frame duration="100" frameId="5"/>
<Frame duration="100" frameId="7"/>
<Frame duration="100" frameId="6"/>
<Frame duration="100" frameId="8"/>
<Frame duration="100" frameId="9"/>
<Frame duration="100" frameId="10"/>
</Action>
<Action id="2" name="3">
<Frame duration="100" frameId="0"/>
<Frame duration="100" frameId="11"/>
<Frame duration="100" frameId="4"/>
<Frame duration="100" frameId="5"/>
<Frame duration="100" frameId="7"/>
<Frame duration="100" frameId="4"/>
<Frame duration="100" frameId="5"/>
<Frame duration="100" frameId="7"/>
<Frame duration="100" frameId="6"/>
<Frame duration="100" frameId="8"/>
<Frame duration="100" frameId="9"/>
<Frame duration="100" frameId="10"/>
<Frame duration="100" frameId="3"/>
<Frame duration="100" frameId="12"/>
<Frame duration="100" frameId="14"/>
<Frame duration="100" frameId="15"/>
</Action>
<Action id="3" name="4">
<Frame duration="100" frameId="0"/>
<Frame duration="100" frameId="16"/>
<Frame duration="100" frameId="17"/>
<Frame duration="100" frameId="18"/>
<Frame duration="100" frameId="19"/>
<Frame duration="100" frameId="20"/>
<Frame duration="100" frameId="21"/>
<Frame duration="100" frameId="23"/>
<Frame duration="100" frameId="22"/>
<Frame duration="100" frameId="24"/>
<Frame duration="100" frameId="25"/>
<Frame duration="100" frameId="26"/>
<Frame duration="100" frameId="27"/>
</Action>
<Action id="4" name="5">
<Frame duration="100" frameId="0"/>
<Frame duration="100" frameId="16"/>
<Frame duration="100" frameId="21"/>
<Frame duration="100" frameId="22"/>
<Frame duration="100" frameId="25"/>
<Frame duration="100" frameId="26"/>
<Frame duration="100" frameId="28"/>
<Frame duration="100" frameId="29"/>
<Frame duration="100" frameId="30"/>
<Frame duration="100" frameId="31"/>
</Action>
</Actions>
</ActionGroup>
