<?xml version="1.0" encoding="UTF-8" standalone="no"?>
<ActionGroup>
<Images>
<Image source="7.i"/>
</Images>
<Modules>
<Module height="29" id="0" imgId="0" width="23" x="29" y="107"/>
<Module height="28" id="1" imgId="0" width="22" x="60" y="108"/>
<Module height="28" id="2" imgId="0" width="24" x="88" y="108"/>
<Module height="20" id="3" imgId="0" width="22" x="100" y="20"/>
<Module height="9" id="4" imgId="0" width="25" x="110" y="50"/>
<Module height="33" id="5" imgId="0" width="24" x="122" y="103"/>
<Module height="15" id="6" imgId="0" width="21" x="138" y="49"/>
<Module height="25" id="7" imgId="0" width="57" x="148" y="102"/>
<Module height="20" id="8" imgId="0" width="38" x="157" y="15"/>
<Module height="15" id="9" imgId="0" width="27" x="161" y="50"/>
<Module height="14" id="10" imgId="0" width="18" x="167" y="66"/>
<Module height="19" id="11" imgId="0" width="43" x="197" y="14"/>
<Module height="23" id="12" imgId="0" width="21" x="226" y="54"/>
<Module height="22" id="13" imgId="0" width="21" x="249" y="55"/>
<Module height="21" id="14" imgId="0" width="21" x="272" y="56"/>
<Module height="35" id="15" imgId="0" width="26" x="277" y="8"/>
<Module height="32" id="16" imgId="0" width="15" x="299" y="52"/>
<Module height="35" id="17" imgId="0" width="25" x="304" y="8"/>
<Module height="32" id="18" imgId="0" width="20" x="318" y="50"/>
<Module height="13" id="19" imgId="0" width="9" x="330" y="28"/>
<Module height="32" id="20" imgId="0" width="18" x="341" y="48"/>
<Module height="18" id="21" imgId="0" width="19" x="341" y="24"/>
<Module height="13" id="22" imgId="0" width="18" x="349" y="4"/>
<Module height="39" id="23" imgId="0" width="64" x="283" y="108"/>
<Module height="8" id="24" imgId="0" width="28" x="221" y="40"/>
<Module height="35" id="25" imgId="0" width="33" x="241" y="7"/>
<Module height="13" id="26" imgId="0" width="10" x="125" y="21"/>
<Module height="15" id="27" imgId="0" width="15" x="137" y="16"/>
<Module height="11" id="28" imgId="0" width="17" x="134" y="34"/>
<Module height="66" id="29" imgId="0" width="56" x="206" y="85"/>
<Module height="17" id="30" imgId="0" width="29" x="190" y="47"/>
<Module height="14" id="31" imgId="0" width="25" x="197" y="65"/>
</Modules>
<Frames>
<Frame id="0" name="动作帧">
<Module id="20" rotate="0" x="-8" y="-23"/>
<Module id="15" rotate="0" x="-16" y="-54"/>
<Module id="22" rotate="0" x="8" y="-40"/>
<Module id="19" rotate="0" x="-10" y="-30"/>
<Module id="21" rotate="0" x="-8" y="-38"/>
</Frame>
<Frame id="1" name="动作帧">
<Module id="16" rotate="0" x="-4" y="-23"/>
<Module id="17" rotate="0" x="-15" y="-54"/>
<Module id="22" rotate="0" x="8" y="-40"/>
<Module id="19" rotate="0" x="-10" y="-30"/>
<Module id="21" rotate="0" x="-8" y="-38"/>
</Frame>
<Frame id="2" name="动作帧">
<Module id="18" rotate="0" x="-10" y="-23"/>
<Module id="25" rotate="0" x="-22" y="-55"/>
<Module id="22" rotate="0" x="8" y="-40"/>
<Module id="19" rotate="0" x="-10" y="-30"/>
<Module id="21" rotate="0" x="-8" y="-38"/>
</Frame>
<Frame id="3" name="动作帧">
<Module id="0" rotate="0" x="12" y="-55"/>
<Module id="17" rotate="0" x="-15" y="-54"/>
<Module id="26" rotate="7" x="-16" y="-34"/>
<Module id="16" rotate="0" x="-4" y="-23"/>
<Module id="22" rotate="0" x="8" y="-40"/>
<Module id="21" rotate="0" x="-8" y="-38"/>
</Frame>
<Frame id="4" name="动作帧">
<Module id="2" rotate="0" x="12" y="-53"/>
<Module id="17" rotate="0" x="-15" y="-54"/>
<Module id="26" rotate="7" x="-16" y="-34"/>
<Module id="16" rotate="0" x="-4" y="-23"/>
<Module id="22" rotate="0" x="8" y="-40"/>
<Module id="21" rotate="0" x="-8" y="-38"/>
</Frame>
<Frame id="5" name="动作帧">
<Module id="1" rotate="0" x="12" y="-54"/>
<Module id="17" rotate="0" x="-15" y="-54"/>
<Module id="26" rotate="7" x="-16" y="-34"/>
<Module id="16" rotate="0" x="-4" y="-23"/>
<Module id="22" rotate="0" x="8" y="-40"/>
<Module id="21" rotate="0" x="-8" y="-38"/>
</Frame>
<Frame id="6" name="动作帧">
<Module id="26" rotate="7" x="-16" y="-34"/>
<Module id="17" rotate="0" x="-15" y="-54"/>
<Module id="16" rotate="0" x="-4" y="-23"/>
<Module id="3" rotate="0" x="-9" y="-38"/>
<Module id="28" rotate="5" x="2" y="-32"/>
<Module id="1" rotate="0" x="-9" y="-33"/>
</Frame>
<Frame id="7" name="动作帧">
<Module id="27" rotate="0" x="23" y="-44"/>
<Module id="27" rotate="3" x="-5" y="-28"/>
<Module id="13" rotate="0" x="-3" y="-14"/>
<Module id="14" rotate="0" x="10" y="-16"/>
<Module id="3" rotate="0" x="4" y="-34"/>
<Module id="11" rotate="0" x="-19" y="-50"/>
<Module id="29" rotate="1" x="9" y="-58"/>
<Module id="30" rotate="0" x="-10" y="-18"/>
</Frame>
<Frame id="8" name="动作帧">
<Module id="9" rotate="0" x="-8" y="-17"/>
<Module id="27" rotate="0" x="23" y="-44"/>
<Module id="27" rotate="3" x="-5" y="-28"/>
<Module id="13" rotate="0" x="-3" y="-14"/>
<Module id="14" rotate="0" x="10" y="-16"/>
<Module id="3" rotate="0" x="4" y="-34"/>
<Module id="11" rotate="0" x="-19" y="-50"/>
<Module id="23" rotate="7" x="18" y="-54"/>
</Frame>
<Frame id="9" name="动作帧">
<Module id="27" rotate="0" x="23" y="-44"/>
<Module id="27" rotate="3" x="-5" y="-28"/>
<Module id="13" rotate="0" x="-3" y="-14"/>
<Module id="14" rotate="0" x="10" y="-16"/>
<Module id="3" rotate="0" x="4" y="-34"/>
<Module id="11" rotate="0" x="-19" y="-50"/>
<Module id="31" rotate="0" x="-8" y="-16"/>
</Frame>
</Frames>
<Actions>
<Action id="0" name="1">
<Frame duration="200" frameId="1"/>
<Frame duration="200" frameId="0"/>
<Frame duration="200" frameId="2"/>
<Frame duration="200" frameId="0"/>
</Action>
<Action id="1" name="2">
<Frame duration="100" frameId="1"/>
<Frame duration="100" frameId="3"/>
<Frame duration="100" frameId="4"/>
<Frame duration="100" frameId="5"/>
<Frame duration="100" frameId="3"/>
<Frame duration="100" frameId="4"/>
<Frame duration="100" frameId="5"/>
<Frame duration="200" frameId="6"/>
<Frame duration="100" frameId="7"/>
<Frame duration="100" frameId="8"/>
<Frame duration="100" frameId="9"/>
</Action>
</Actions>
</ActionGroup>
