<?xml version="1.0" encoding="UTF-8" standalone="no"?>
<ActionGroup>
<Images>
<Image source="6.i"/>
</Images>
<Modules>
<Module height="14" id="0" imgId="0" width="34" x="140" y="77"/>
<Module height="17" id="1" imgId="0" width="43" x="142" y="59"/>
<Module height="17" id="2" imgId="0" width="23" x="148" y="28"/>
<Module height="19" id="3" imgId="0" width="22" x="176" y="29"/>
<Module height="19" id="4" imgId="0" width="23" x="196" y="49"/>
<Module height="5" id="5" imgId="0" width="16" x="200" y="36"/>
<Module height="13" id="6" imgId="0" width="28" x="228" y="55"/>
<Module height="22" id="7" imgId="0" width="16" x="233" y="69"/>
<Module height="27" id="8" imgId="0" width="32" x="264" y="47"/>
<Module height="42" id="9" imgId="0" width="41" x="298" y="37"/>
<Module height="78" id="10" imgId="0" width="53" x="341" y="10"/>
<Module height="54" id="11" imgId="0" width="44" x="413" y="6"/>
<Module height="40" id="12" imgId="0" width="48" x="65" y="17"/>
<Module height="9" id="13" imgId="0" width="20" x="115" y="31"/>
<Module height="19" id="14" imgId="0" width="12" x="3" y="51"/>
<Module height="33" id="15" imgId="0" width="25" x="109" y="58"/>
<Module height="19" id="16" imgId="0" width="19" x="17" y="29"/>
<Module height="23" id="17" imgId="0" width="25" x="36" y="32"/>
<Module height="20" id="18" imgId="0" width="16" x="19" y="51"/>
<Module height="28" id="19" imgId="0" width="13" x="10" y="71"/>
<Module height="23" id="20" imgId="0" width="14" x="25" y="74"/>
<Module height="37" id="21" imgId="0" width="24" x="42" y="60"/>
<Module height="12" id="22" imgId="0" width="12" x="69" y="59"/>
<Module height="8" id="23" imgId="0" width="29" x="73" y="82"/>
<Module height="9" id="24" imgId="0" width="19" x="116" y="41"/>
<Module height="14" id="25" imgId="0" width="33" x="178" y="76"/>
<Module height="28" id="26" imgId="0" width="21" x="211" y="68"/>
<Module height="40" id="27" imgId="0" width="47" x="413" y="65"/>
</Modules>
<Frames>
<Frame id="0" name="动作帧">
<Module id="17" rotate="0" x="7" y="-31"/>
<Module id="16" rotate="0" x="-3" y="-49"/>
<Module id="18" rotate="0" x="-5" y="-35"/>
<Module id="19" rotate="0" x="-10" y="-17"/>
<Module id="20" rotate="0" x="4" y="-19"/>
<Module id="14" rotate="0" x="-13" y="-33"/>
</Frame>
<Frame id="1" name="动作帧">
<Module id="17" rotate="0" x="7" y="-33"/>
<Module id="16" rotate="0" x="-3" y="-50"/>
<Module id="18" rotate="0" x="-5" y="-36"/>
<Module id="19" rotate="0" x="-10" y="-17"/>
<Module id="20" rotate="0" x="4" y="-19"/>
<Module id="14" rotate="0" x="-14" y="-35"/>
</Frame>
<Frame id="2" name="动作帧">
<Module id="17" rotate="0" x="7" y="-29"/>
<Module id="16" rotate="0" x="-3" y="-48"/>
<Module id="18" rotate="0" x="-5" y="-34"/>
<Module id="19" rotate="0" x="-10" y="-17"/>
<Module id="20" rotate="0" x="4" y="-19"/>
<Module id="14" rotate="0" x="-13" y="-31"/>
</Frame>
<Frame id="3" name="动作帧">
<Module id="17" rotate="0" x="7" y="-33"/>
<Module id="16" rotate="0" x="-3" y="-50"/>
<Module id="18" rotate="0" x="-5" y="-36"/>
<Module id="19" rotate="0" x="-10" y="-17"/>
<Module id="20" rotate="0" x="4" y="-19"/>
<Module id="22" rotate="0" x="-16" y="-34"/>
<Module id="23" rotate="6" x="-12" y="-33"/>
</Frame>
<Frame id="4" name="动作帧">
<Module id="17" rotate="0" x="7" y="-33"/>
<Module id="16" rotate="0" x="-3" y="-50"/>
<Module id="18" rotate="0" x="-5" y="-36"/>
<Module id="19" rotate="0" x="-10" y="-17"/>
<Module id="20" rotate="0" x="4" y="-19"/>
<Module id="22" rotate="7" x="-13" y="-31"/>
<Module id="24" rotate="6" x="-16" y="-63"/>
</Frame>
<Frame id="5" name="动作帧">
<Module id="17" rotate="0" x="7" y="-33"/>
<Module id="16" rotate="0" x="-3" y="-50"/>
<Module id="18" rotate="0" x="-5" y="-36"/>
<Module id="19" rotate="0" x="-10" y="-17"/>
<Module id="20" rotate="0" x="4" y="-19"/>
<Module id="22" rotate="7" x="-13" y="-31"/>
<Module id="24" rotate="2" x="-20" y="-74"/>
</Frame>
<Frame id="6" name="动作帧">
<Module id="17" rotate="0" x="7" y="-33"/>
<Module id="16" rotate="0" x="-3" y="-50"/>
<Module id="18" rotate="0" x="-5" y="-36"/>
<Module id="19" rotate="0" x="-10" y="-17"/>
<Module id="20" rotate="0" x="4" y="-19"/>
<Module id="22" rotate="7" x="-13" y="-31"/>
<Module id="24" rotate="5" x="-16" y="-61"/>
</Frame>
<Frame id="7" name="动作帧">
<Module id="17" rotate="0" x="7" y="-33"/>
<Module id="16" rotate="0" x="-3" y="-50"/>
<Module id="18" rotate="0" x="-5" y="-36"/>
<Module id="19" rotate="0" x="-10" y="-17"/>
<Module id="20" rotate="0" x="4" y="-19"/>
<Module id="22" rotate="0" x="-15" y="-35"/>
<Module id="24" rotate="7" x="-11" y="-42"/>
</Frame>
<Frame id="8" name="动作帧">
<Module id="16" rotate="0" x="-3" y="-50"/>
<Module id="19" rotate="0" x="-10" y="-17"/>
<Module id="20" rotate="0" x="4" y="-19"/>
<Module id="21" rotate="0" x="-15" y="-53"/>
<Module id="1" rotate="0" x="-43" y="-53"/>
<Module id="24" rotate="0" x="19" y="-52"/>
</Frame>
<Frame id="9" name="动作帧">
<Module id="16" rotate="0" x="13" y="-49"/>
<Module id="26" rotate="0" x="-9" y="-18"/>
<Module id="7" rotate="0" x="9" y="-18"/>
<Module id="4" rotate="0" x="-1" y="-35"/>
<Module id="6" rotate="0" x="20" y="-31"/>
<Module id="13" rotate="5" x="53" y="-44"/>
<Module id="12" rotate="0" x="-3" y="-63"/>
</Frame>
<Frame id="10" name="动作帧">
<Module id="16" rotate="0" x="16" y="-46"/>
<Module id="26" rotate="0" x="-9" y="-18"/>
<Module id="7" rotate="0" x="9" y="-18"/>
<Module id="4" rotate="0" x="-1" y="-35"/>
<Module id="6" rotate="0" x="20" y="-31"/>
<Module id="15" rotate="0" x="19" y="-58"/>
<Module id="24" rotate="2" x="78" y="-25"/>
</Frame>
<Frame id="11" name="动作帧">
<Module id="8" rotate="0" x="84" y="-12"/>
<Module id="16" rotate="0" x="16" y="-46"/>
<Module id="26" rotate="0" x="-9" y="-18"/>
<Module id="7" rotate="0" x="9" y="-18"/>
<Module id="4" rotate="0" x="-1" y="-35"/>
<Module id="6" rotate="0" x="20" y="-31"/>
<Module id="13" rotate="0" x="90" y="0"/>
</Frame>
<Frame id="12" name="动作帧">
<Module id="16" rotate="0" x="16" y="-46"/>
<Module id="26" rotate="0" x="-9" y="-18"/>
<Module id="7" rotate="0" x="9" y="-18"/>
<Module id="4" rotate="0" x="-1" y="-35"/>
<Module id="6" rotate="0" x="20" y="-31"/>
<Module id="9" rotate="0" x="83" y="-23"/>
</Frame>
<Frame id="13" name="动作帧">
<Module id="16" rotate="0" x="16" y="-46"/>
<Module id="26" rotate="0" x="-9" y="-18"/>
<Module id="7" rotate="0" x="9" y="-18"/>
<Module id="4" rotate="0" x="-1" y="-35"/>
<Module id="6" rotate="0" x="20" y="-31"/>
<Module id="11" rotate="0" x="83" y="-43"/>
</Frame>
<Frame id="14" name="动作帧">
<Module id="16" rotate="0" x="16" y="-46"/>
<Module id="26" rotate="0" x="-9" y="-18"/>
<Module id="7" rotate="0" x="9" y="-18"/>
<Module id="4" rotate="0" x="-1" y="-35"/>
<Module id="6" rotate="0" x="20" y="-31"/>
<Module id="10" rotate="0" x="78" y="-63"/>
</Frame>
<Frame id="15" name="动作帧">
<Module id="16" rotate="0" x="16" y="-46"/>
<Module id="26" rotate="0" x="-9" y="-18"/>
<Module id="7" rotate="0" x="9" y="-18"/>
<Module id="4" rotate="0" x="-1" y="-35"/>
<Module id="6" rotate="0" x="20" y="-31"/>
<Module id="27" rotate="0" x="82" y="-46"/>
</Frame>
<Frame id="16" name="动作帧">
<Module id="16" rotate="0" x="16" y="-46"/>
<Module id="26" rotate="0" x="-9" y="-18"/>
<Module id="7" rotate="0" x="9" y="-18"/>
<Module id="4" rotate="0" x="-1" y="-35"/>
<Module id="6" rotate="0" x="20" y="-31"/>
</Frame>
<Frame id="17" name="动作帧">
<Module id="17" rotate="6" x="7" y="-54"/>
<Module id="16" rotate="0" x="-3" y="-50"/>
<Module id="18" rotate="0" x="-5" y="-36"/>
<Module id="19" rotate="0" x="-10" y="-17"/>
<Module id="20" rotate="0" x="4" y="-19"/>
<Module id="22" rotate="0" x="-16" y="-34"/>
<Module id="23" rotate="6" x="-12" y="-33"/>
<Module id="23" rotate="7" x="19" y="-45"/>
</Frame>
<Frame id="18" name="动作帧">
<Module id="17" rotate="6" x="7" y="-54"/>
<Module id="16" rotate="0" x="-3" y="-50"/>
<Module id="18" rotate="0" x="-5" y="-36"/>
<Module id="19" rotate="0" x="-10" y="-17"/>
<Module id="20" rotate="0" x="4" y="-19"/>
<Module id="22" rotate="0" x="-16" y="-34"/>
</Frame>
<Frame id="19" name="动作帧">
<Module id="25" rotate="0" x="8" y="-38"/>
<Module id="16" rotate="0" x="-5" y="-50"/>
<Module id="18" rotate="0" x="-7" y="-36"/>
<Module id="19" rotate="0" x="-12" y="-17"/>
<Module id="20" rotate="0" x="2" y="-19"/>
<Module id="22" rotate="0" x="-18" y="-34"/>
<Module id="2" rotate="0" x="42" y="-44"/>
</Frame>
<Frame id="20" name="动作帧">
<Module id="0" rotate="0" x="6" y="-39"/>
<Module id="16" rotate="0" x="-6" y="-50"/>
<Module id="18" rotate="0" x="-8" y="-36"/>
<Module id="19" rotate="0" x="-13" y="-17"/>
<Module id="20" rotate="0" x="1" y="-19"/>
<Module id="22" rotate="0" x="-19" y="-34"/>
<Module id="3" rotate="0" x="41" y="-45"/>
<Module id="5" rotate="0" x="63" y="-39"/>
</Frame>
</Frames>
<Actions>
<Action id="0" name="1">
<Frame duration="200" frameId="1"/>
<Frame duration="200" frameId="0"/>
<Frame duration="200" frameId="2"/>
<Frame duration="200" frameId="0"/>
</Action>
<Action id="1" name="2">
<Frame duration="100" frameId="1"/>
<Frame duration="100" frameId="3"/>
<Frame duration="100" frameId="4"/>
<Frame duration="100" frameId="5"/>
<Frame duration="100" frameId="6"/>
<Frame duration="100" frameId="7"/>
<Frame duration="100" frameId="8"/>
<Frame duration="100" frameId="9"/>
<Frame duration="100" frameId="10"/>
<Frame duration="100" frameId="11"/>
<Frame duration="100" frameId="14"/>
<Frame duration="100" frameId="13"/>
<Frame duration="100" frameId="15"/>
</Action>
<Action id="2" name="3">
<Frame duration="100" frameId="1"/>
<Frame duration="100" frameId="17"/>
<Frame duration="100" frameId="18"/>
<Frame duration="100" frameId="19"/>
<Frame duration="100" frameId="20"/>
<Frame duration="100" frameId="18"/>
<Frame duration="100" frameId="19"/>
<Frame duration="100" frameId="20"/>
<Frame duration="100" frameId="18"/>
<Frame duration="100" frameId="19"/>
<Frame duration="100" frameId="20"/>
</Action>
</Actions>
</ActionGroup>
