<?xml version="1.0" encoding="UTF-8" standalone="no"?>
<ActionGroup>
<Images>
<Image source="2.i"/>
</Images>
<Modules>
<Module height="16" id="0" imgId="0" width="25" x="3" y="63"/>
<Module height="19" id="1" imgId="0" width="23" x="4" y="83"/>
<Module height="19" id="2" imgId="0" width="23" x="9" y="14"/>
<Module height="8" id="3" imgId="0" width="19" x="10" y="45"/>
<Module height="3" id="4" imgId="0" width="2" x="13" y="55"/>
<Module height="7" id="5" imgId="0" width="12" x="15" y="35"/>
<Module height="5" id="6" imgId="0" width="7" x="16" y="57"/>
<Module height="19" id="7" imgId="0" width="23" x="35" y="16"/>
<Module height="10" id="8" imgId="0" width="3" x="41" y="36"/>
<Module height="7" id="9" imgId="0" width="2" x="47" y="36"/>
<Module height="35" id="10" imgId="0" width="60" x="325" y="68"/>
<Module height="21" id="11" imgId="0" width="21" x="380" y="26"/>
<Module height="21" id="12" imgId="0" width="21" x="389" y="52"/>
<Module height="21" id="13" imgId="0" width="21" x="394" y="80"/>
<Module height="19" id="14" imgId="0" width="16" x="212" y="44"/>
<Module height="16" id="15" imgId="0" width="25" x="3" y="63"/>
<Module height="19" id="16" imgId="0" width="23" x="4" y="83"/>
<Module height="19" id="17" imgId="0" width="23" x="9" y="14"/>
<Module height="8" id="18" imgId="0" width="19" x="10" y="45"/>
<Module height="3" id="19" imgId="0" width="2" x="13" y="55"/>
<Module height="7" id="20" imgId="0" width="12" x="15" y="35"/>
<Module height="5" id="21" imgId="0" width="7" x="16" y="57"/>
<Module height="19" id="22" imgId="0" width="23" x="35" y="16"/>
<Module height="10" id="23" imgId="0" width="3" x="41" y="36"/>
<Module height="7" id="24" imgId="0" width="2" x="47" y="36"/>
<Module height="35" id="25" imgId="0" width="60" x="325" y="68"/>
<Module height="21" id="26" imgId="0" width="21" x="380" y="26"/>
<Module height="21" id="27" imgId="0" width="21" x="389" y="52"/>
<Module height="21" id="28" imgId="0" width="21" x="394" y="80"/>
<Module height="12" id="29" imgId="0" width="9" x="36" y="47"/>
<Module height="11" id="30" imgId="0" width="15" x="45" y="49"/>
<Module height="20" id="31" imgId="0" width="10" x="60" y="46"/>
<Module height="14" id="32" imgId="0" width="10" x="71" y="49"/>
<Module height="30" id="33" imgId="0" width="12" x="61" y="14"/>
<Module height="29" id="34" imgId="0" width="11" x="75" y="14"/>
<Module height="12" id="35" imgId="0" width="7" x="87" y="27"/>
<Module height="23" id="36" imgId="0" width="18" x="96" y="19"/>
<Module height="10" id="37" imgId="0" width="9" x="114" y="10"/>
<Module height="8" id="38" imgId="0" width="6" x="123" y="11"/>
<Module height="6" id="39" imgId="0" width="10" x="129" y="13"/>
<Module height="9" id="40" imgId="0" width="3" x="139" y="10"/>
<Module height="10" id="41" imgId="0" width="44" x="137" y="24"/>
<Module height="2" id="42" imgId="0" width="4" x="182" y="25"/>
<Module height="3" id="43" imgId="0" width="8" x="192" y="25"/>
<Module height="4" id="44" imgId="0" width="18" x="209" y="26"/>
<Module height="33" id="45" imgId="0" width="66" x="143" y="37"/>
<Module height="13" id="46" imgId="0" width="19" x="114" y="26"/>
<Module height="13" id="47" imgId="0" width="17" x="123" y="40"/>
<Module height="7" id="48" imgId="0" width="9" x="125" y="56"/>
<Module height="23" id="49" imgId="0" width="21" x="102" y="44"/>
<Module height="23" id="50" imgId="0" width="20" x="81" y="44"/>
<Module height="24" id="51" imgId="0" width="28" x="33" y="66"/>
<Module height="21" id="52" imgId="0" width="28" x="63" y="69"/>
<Module height="22" id="53" imgId="0" width="38" x="91" y="70"/>
<Module height="6" id="54" imgId="0" width="10" x="131" y="72"/>
<Module height="8" id="55" imgId="0" width="36" x="141" y="77"/>
<Module height="24" id="56" imgId="0" width="27" x="204" y="68"/>
<Module height="21" id="57" imgId="0" width="21" x="243" y="75"/>
<Module height="23" id="58" imgId="0" width="45" x="273" y="66"/>
<Module height="15" id="59" imgId="0" width="41" x="234" y="54"/>
<Module height="14" id="60" imgId="0" width="11" x="272" y="40"/>
<Module height="41" id="61" imgId="0" width="70" x="299" y="26"/>
<Module height="13" id="62" imgId="0" width="25" x="272" y="21"/>
<Module height="10" id="63" imgId="0" width="39" x="230" y="27"/>
<Module height="11" id="64" imgId="0" width="3" x="52" y="37"/>
<Module height="11" id="65" imgId="0" width="4" x="57" y="36"/>
<Module height="14" id="66" imgId="0" width="15" x="114" y="70"/>
<Module height="11" id="67" imgId="0" width="8" x="45" y="49"/>
</Modules>
<Frames>
<Frame id="0" name="动作帧">
<Module id="30" rotate="0" x="-5" y="-18"/>
<Module id="7" rotate="0" x="-11" y="-53"/>
<Module id="36" rotate="0" x="-7" y="-36"/>
<Module id="29" rotate="0" x="-15" y="-33"/>
<Module id="29" rotate="2" x="5" y="-35"/>
<Module id="34" rotate="0" x="9" y="-54"/>
<Module id="33" rotate="0" x="-24" y="-52"/>
<Module id="31" rotate="0" x="-8" y="-8"/>
<Module id="32" rotate="0" x="2" y="-8"/>
<Module id="9" rotate="0" x="-25" y="-31"/>
<Module id="8" rotate="2" x="18" y="-33"/>
</Frame>
<Frame id="1" name="动作帧">
<Module id="30" rotate="0" x="-5" y="-17"/>
<Module id="7" rotate="0" x="-11" y="-52"/>
<Module id="36" rotate="0" x="-7" y="-35"/>
<Module id="29" rotate="0" x="-15" y="-32"/>
<Module id="29" rotate="2" x="5" y="-34"/>
<Module id="34" rotate="0" x="9" y="-52"/>
<Module id="33" rotate="0" x="-24" y="-50"/>
<Module id="31" rotate="0" x="-8" y="-8"/>
<Module id="32" rotate="0" x="2" y="-8"/>
<Module id="64" rotate="2" x="-25" y="-30"/>
<Module id="65" rotate="2" x="16" y="-32"/>
<Module id="39" rotate="0" x="-7" y="-19"/>
<Module id="40" rotate="0" x="6" y="-23"/>
</Frame>
<Frame id="2" name="动作帧">
<Module id="30" rotate="0" x="-5" y="-18"/>
<Module id="7" rotate="0" x="-11" y="-54"/>
<Module id="36" rotate="0" x="-7" y="-37"/>
<Module id="29" rotate="0" x="-15" y="-34"/>
<Module id="29" rotate="2" x="5" y="-36"/>
<Module id="34" rotate="0" x="9" y="-55"/>
<Module id="33" rotate="0" x="-24" y="-53"/>
<Module id="31" rotate="0" x="-8" y="-8"/>
<Module id="32" rotate="0" x="2" y="-8"/>
<Module id="37" rotate="0" x="-10" y="-25"/>
<Module id="38" rotate="0" x="7" y="-25"/>
<Module id="64" rotate="0" x="-25" y="-32"/>
<Module id="65" rotate="0" x="18" y="-34"/>
</Frame>
<Frame id="3" name="动作帧">
<Module id="30" rotate="0" x="-5" y="-18"/>
<Module id="7" rotate="0" x="-11" y="-54"/>
<Module id="36" rotate="0" x="-7" y="-37"/>
<Module id="29" rotate="0" x="-15" y="-34"/>
<Module id="29" rotate="2" x="5" y="-36"/>
<Module id="34" rotate="0" x="9" y="-55"/>
<Module id="33" rotate="0" x="-24" y="-53"/>
<Module id="31" rotate="0" x="-8" y="-8"/>
<Module id="32" rotate="0" x="2" y="-8"/>
<Module id="37" rotate="0" x="-10" y="-25"/>
<Module id="38" rotate="0" x="7" y="-25"/>
<Module id="11" rotate="0" x="-33" y="-53"/>
<Module id="13" rotate="0" x="7" y="-55"/>
</Frame>
<Frame id="4" name="动作帧">
<Module id="30" rotate="0" x="-5" y="-17"/>
<Module id="7" rotate="0" x="-11" y="-52"/>
<Module id="36" rotate="0" x="-7" y="-35"/>
<Module id="29" rotate="0" x="-15" y="-32"/>
<Module id="29" rotate="2" x="5" y="-34"/>
<Module id="34" rotate="0" x="9" y="-52"/>
<Module id="33" rotate="0" x="-24" y="-50"/>
<Module id="31" rotate="0" x="-8" y="-8"/>
<Module id="32" rotate="0" x="2" y="-8"/>
<Module id="39" rotate="0" x="-6" y="-20"/>
<Module id="40" rotate="0" x="6" y="-23"/>
<Module id="12" rotate="0" x="-32" y="-50"/>
<Module id="13" rotate="0" x="6" y="-52"/>
</Frame>
<Frame id="5" name="动作帧">
<Module id="30" rotate="0" x="-5" y="-18"/>
<Module id="7" rotate="0" x="-11" y="-53"/>
<Module id="36" rotate="0" x="-7" y="-36"/>
<Module id="29" rotate="0" x="-15" y="-33"/>
<Module id="29" rotate="2" x="5" y="-35"/>
<Module id="34" rotate="0" x="9" y="-54"/>
<Module id="33" rotate="0" x="-24" y="-52"/>
<Module id="31" rotate="0" x="-8" y="-8"/>
<Module id="32" rotate="0" x="2" y="-8"/>
<Module id="13" rotate="5" x="-34" y="-51"/>
<Module id="12" rotate="0" x="7" y="-54"/>
</Frame>
<Frame id="6" name="动作帧">
<Module id="7" rotate="0" x="-13" y="-53"/>
<Module id="63" rotate="0" x="-9" y="-33"/>
<Module id="30" rotate="0" x="-4" y="-18"/>
<Module id="31" rotate="0" x="-7" y="-8"/>
<Module id="32" rotate="0" x="2" y="-8"/>
<Module id="49" rotate="0" x="-13" y="-37"/>
<Module id="46" rotate="0" x="-20" y="-31"/>
<Module id="41" rotate="0" x="4" y="-37"/>
<Module id="64" rotate="5" x="14" y="-30"/>
</Frame>
<Frame id="7" name="动作帧">
<Module id="29" rotate="2" x="6" y="-37"/>
<Module id="30" rotate="0" x="-5" y="-18"/>
<Module id="7" rotate="0" x="-11" y="-54"/>
<Module id="36" rotate="0" x="-7" y="-37"/>
<Module id="31" rotate="0" x="-8" y="-8"/>
<Module id="32" rotate="0" x="2" y="-8"/>
<Module id="37" rotate="0" x="-10" y="-25"/>
<Module id="38" rotate="0" x="7" y="-25"/>
<Module id="64" rotate="0" x="17" y="-34"/>
<Module id="54" rotate="2" x="-13" y="-33"/>
<Module id="34" rotate="0" x="9" y="-56"/>
<Module id="14" rotate="0" x="-16" y="-46"/>
</Frame>
<Frame id="8" name="动作帧">
<Module id="7" rotate="0" x="-13" y="-53"/>
<Module id="63" rotate="0" x="-9" y="-33"/>
<Module id="30" rotate="0" x="-4" y="-18"/>
<Module id="31" rotate="0" x="-7" y="-8"/>
<Module id="32" rotate="0" x="2" y="-8"/>
<Module id="49" rotate="0" x="-13" y="-37"/>
<Module id="41" rotate="0" x="4" y="-37"/>
<Module id="47" rotate="0" x="-20" y="-28"/>
<Module id="42" rotate="0" x="22" y="-29"/>
<Module id="44" rotate="0" x="31" y="-37"/>
<Module id="62" rotate="0" x="49" y="-42"/>
</Frame>
<Frame id="9" name="动作帧">
<Module id="7" rotate="0" x="-13" y="-53"/>
<Module id="63" rotate="0" x="-9" y="-33"/>
<Module id="30" rotate="0" x="-4" y="-18"/>
<Module id="31" rotate="0" x="-7" y="-8"/>
<Module id="32" rotate="0" x="2" y="-8"/>
<Module id="49" rotate="0" x="-13" y="-37"/>
<Module id="46" rotate="0" x="-21" y="-30"/>
<Module id="41" rotate="0" x="3" y="-37"/>
<Module id="64" rotate="4" x="16" y="-29"/>
<Module id="43" rotate="0" x="39" y="-36"/>
<Module id="42" rotate="0" x="29" y="-36"/>
<Module id="58" rotate="0" x="44" y="-46"/>
</Frame>
<Frame id="10" name="动作帧">
<Module id="63" rotate="0" x="4" y="-41"/>
<Module id="30" rotate="0" x="-5" y="-18"/>
<Module id="36" rotate="0" x="-7" y="-36"/>
<Module id="29" rotate="0" x="-15" y="-33"/>
<Module id="31" rotate="0" x="-8" y="-8"/>
<Module id="32" rotate="0" x="2" y="-8"/>
<Module id="8" rotate="0" x="-6" y="-32"/>
<Module id="7" rotate="0" x="-11" y="-52"/>
<Module id="33" rotate="2" x="-14" y="-53"/>
<Module id="65" rotate="5" x="11" y="-32"/>
</Frame>
<Frame id="11" name="动作帧">
<Module id="63" rotate="0" x="3" y="-40"/>
<Module id="30" rotate="0" x="-5" y="-18"/>
<Module id="36" rotate="0" x="-7" y="-36"/>
<Module id="29" rotate="0" x="-15" y="-33"/>
<Module id="31" rotate="0" x="-8" y="-8"/>
<Module id="32" rotate="0" x="2" y="-8"/>
<Module id="8" rotate="0" x="-6" y="-32"/>
<Module id="7" rotate="0" x="-11" y="-52"/>
<Module id="33" rotate="2" x="-14" y="-53"/>
<Module id="65" rotate="5" x="10" y="-31"/>
<Module id="43" rotate="0" x="34" y="-39"/>
<Module id="58" rotate="0" x="40" y="-49"/>
</Frame>
<Frame id="12" name="动作帧">
<Module id="63" rotate="0" x="4" y="-41"/>
<Module id="30" rotate="0" x="-5" y="-18"/>
<Module id="36" rotate="0" x="-7" y="-36"/>
<Module id="29" rotate="0" x="-15" y="-33"/>
<Module id="31" rotate="0" x="-8" y="-8"/>
<Module id="32" rotate="0" x="2" y="-8"/>
<Module id="8" rotate="0" x="-6" y="-32"/>
<Module id="7" rotate="0" x="-11" y="-52"/>
<Module id="33" rotate="2" x="-14" y="-53"/>
<Module id="65" rotate="5" x="11" y="-32"/>
<Module id="62" rotate="0" x="44" y="-46"/>
<Module id="44" rotate="0" x="25" y="-41"/>
</Frame>
<Frame id="13" name="动作帧">
<Module id="7" rotate="0" x="-17" y="-53"/>
<Module id="63" rotate="0" x="-13" y="-33"/>
<Module id="30" rotate="0" x="-8" y="-18"/>
<Module id="31" rotate="0" x="-11" y="-8"/>
<Module id="32" rotate="0" x="-2" y="-8"/>
<Module id="49" rotate="0" x="-17" y="-37"/>
<Module id="41" rotate="0" x="0" y="-37"/>
<Module id="47" rotate="0" x="-24" y="-28"/>
<Module id="42" rotate="0" x="18" y="-29"/>
<Module id="44" rotate="0" x="27" y="-37"/>
<Module id="62" rotate="0" x="45" y="-42"/>
</Frame>
<Frame id="14" name="动作帧">
<Module id="7" rotate="0" x="-15" y="-53"/>
<Module id="63" rotate="0" x="-11" y="-33"/>
<Module id="30" rotate="0" x="-6" y="-18"/>
<Module id="31" rotate="0" x="-9" y="-8"/>
<Module id="32" rotate="0" x="0" y="-8"/>
<Module id="49" rotate="0" x="-15" y="-37"/>
<Module id="46" rotate="0" x="-23" y="-30"/>
<Module id="41" rotate="0" x="1" y="-37"/>
<Module id="64" rotate="4" x="14" y="-29"/>
<Module id="43" rotate="0" x="37" y="-36"/>
<Module id="42" rotate="0" x="27" y="-36"/>
<Module id="58" rotate="0" x="42" y="-46"/>
</Frame>
<Frame id="15" name="动作帧">
<Module id="7" rotate="0" x="-13" y="-53"/>
<Module id="63" rotate="0" x="-9" y="-33"/>
<Module id="30" rotate="0" x="-4" y="-18"/>
<Module id="31" rotate="0" x="-7" y="-8"/>
<Module id="32" rotate="0" x="2" y="-8"/>
<Module id="49" rotate="0" x="-13" y="-37"/>
<Module id="46" rotate="0" x="-21" y="-30"/>
<Module id="41" rotate="0" x="3" y="-37"/>
<Module id="64" rotate="5" x="14" y="-30"/>
<Module id="45" rotate="0" x="45" y="-51"/>
</Frame>
<Frame id="16" name="动作帧">
<Module id="7" rotate="0" x="-14" y="-53"/>
<Module id="63" rotate="0" x="-10" y="-33"/>
<Module id="30" rotate="0" x="-5" y="-18"/>
<Module id="31" rotate="0" x="-8" y="-8"/>
<Module id="32" rotate="0" x="1" y="-8"/>
<Module id="49" rotate="0" x="-14" y="-37"/>
<Module id="41" rotate="0" x="3" y="-37"/>
<Module id="47" rotate="0" x="-21" y="-28"/>
<Module id="42" rotate="0" x="21" y="-29"/>
<Module id="44" rotate="0" x="30" y="-37"/>
<Module id="62" rotate="0" x="48" y="-42"/>
</Frame>
<Frame id="17" name="动作帧">
<Module id="63" rotate="0" x="3" y="-41"/>
<Module id="30" rotate="0" x="-6" y="-18"/>
<Module id="36" rotate="0" x="-8" y="-36"/>
<Module id="29" rotate="0" x="-16" y="-33"/>
<Module id="31" rotate="0" x="-9" y="-8"/>
<Module id="32" rotate="0" x="1" y="-8"/>
<Module id="8" rotate="0" x="-7" y="-32"/>
<Module id="7" rotate="0" x="-12" y="-52"/>
<Module id="33" rotate="2" x="-15" y="-53"/>
<Module id="65" rotate="5" x="10" y="-32"/>
<Module id="62" rotate="0" x="43" y="-46"/>
<Module id="44" rotate="0" x="24" y="-41"/>
</Frame>
<Frame id="18" name="动作帧">
<Module id="34" rotate="0" x="8" y="-65"/>
<Module id="34" rotate="6" x="-38" y="-44"/>
<Module id="66" rotate="0" x="-1" y="-17"/>
<Module id="7" rotate="0" x="-13" y="-53"/>
<Module id="31" rotate="0" x="-7" y="-8"/>
<Module id="49" rotate="0" x="-13" y="-37"/>
<Module id="46" rotate="0" x="-20" y="-31"/>
<Module id="67" rotate="0" x="-4" y="-16"/>
<Module id="48" rotate="0" x="3" y="-39"/>
</Frame>
<Frame id="19" name="动作帧">
<Module id="63" rotate="0" x="4" y="-38"/>
<Module id="7" rotate="0" x="-4" y="-46"/>
<Module id="49" rotate="0" x="-4" y="-30"/>
<Module id="41" rotate="0" x="12" y="-29"/>
<Module id="47" rotate="0" x="-11" y="-21"/>
<Module id="42" rotate="0" x="18" y="-29"/>
<Module id="53" rotate="0" x="-11" y="-10"/>
</Frame>
<Frame id="20" name="动作帧">
<Module id="63" rotate="0" x="3" y="-38"/>
<Module id="7" rotate="0" x="-5" y="-46"/>
<Module id="49" rotate="0" x="-5" y="-30"/>
<Module id="41" rotate="0" x="9" y="-31"/>
<Module id="53" rotate="0" x="-12" y="-10"/>
<Module id="44" rotate="0" x="38" y="-29"/>
<Module id="44" rotate="0" x="24" y="-38"/>
<Module id="62" rotate="0" x="42" y="-43"/>
<Module id="62" rotate="0" x="54" y="-35"/>
<Module id="46" rotate="0" x="-12" y="-21"/>
</Frame>
<Frame id="21" name="动作帧">
<Module id="63" rotate="0" x="3" y="-38"/>
<Module id="7" rotate="0" x="-5" y="-46"/>
<Module id="47" rotate="0" x="-12" y="-21"/>
<Module id="42" rotate="0" x="17" y="-29"/>
<Module id="53" rotate="0" x="-12" y="-10"/>
<Module id="44" rotate="0" x="24" y="-38"/>
<Module id="58" rotate="0" x="39" y="-47"/>
<Module id="49" rotate="0" x="-5" y="-30"/>
<Module id="41" rotate="0" x="9" y="-31"/>
<Module id="44" rotate="0" x="36" y="-31"/>
<Module id="45" rotate="0" x="52" y="-45"/>
</Frame>
<Frame id="22" name="动作帧">
<Module id="63" rotate="0" x="4" y="-38"/>
<Module id="7" rotate="0" x="-4" y="-46"/>
<Module id="42" rotate="0" x="18" y="-29"/>
<Module id="53" rotate="0" x="-11" y="-10"/>
<Module id="44" rotate="0" x="25" y="-38"/>
<Module id="49" rotate="0" x="-4" y="-30"/>
<Module id="41" rotate="0" x="10" y="-31"/>
<Module id="44" rotate="0" x="37" y="-31"/>
<Module id="58" rotate="0" x="51" y="-40"/>
<Module id="62" rotate="0" x="43" y="-43"/>
<Module id="46" rotate="0" x="-11" y="-21"/>
</Frame>
<Frame id="23" name="动作帧">
<Module id="30" rotate="2" x="-4" y="-18"/>
<Module id="34" rotate="0" x="19" y="-58"/>
<Module id="33" rotate="0" x="-25" y="-56"/>
<Module id="31" rotate="0" x="-8" y="-8"/>
<Module id="32" rotate="0" x="2" y="-8"/>
<Module id="9" rotate="0" x="27" y="-36"/>
<Module id="8" rotate="2" x="-24" y="-36"/>
<Module id="50" rotate="0" x="-8" y="-37"/>
<Module id="17" rotate="0" x="-13" y="-54"/>
<Module id="54" rotate="0" x="11" y="-35"/>
<Module id="54" rotate="2" x="-14" y="-34"/>
</Frame>
<Frame id="24" name="动作帧">
<Module id="30" rotate="2" x="-6" y="-18"/>
<Module id="34" rotate="0" x="17" y="-58"/>
<Module id="33" rotate="0" x="-27" y="-63"/>
<Module id="31" rotate="0" x="-10" y="-8"/>
<Module id="32" rotate="0" x="0" y="-8"/>
<Module id="8" rotate="2" x="-26" y="-43"/>
<Module id="17" rotate="0" x="-15" y="-54"/>
<Module id="54" rotate="0" x="9" y="-35"/>
<Module id="54" rotate="3" x="-17" y="-37"/>
<Module id="50" rotate="2" x="-7" y="-37"/>
<Module id="65" rotate="0" x="26" y="-37"/>
</Frame>
<Frame id="25" name="动作帧">
<Module id="30" rotate="2" x="-4" y="-18"/>
<Module id="34" rotate="0" x="19" y="-58"/>
<Module id="33" rotate="0" x="-25" y="-63"/>
<Module id="31" rotate="0" x="-8" y="-8"/>
<Module id="32" rotate="0" x="2" y="-8"/>
<Module id="8" rotate="2" x="-24" y="-43"/>
<Module id="17" rotate="0" x="-13" y="-54"/>
<Module id="54" rotate="0" x="11" y="-35"/>
<Module id="54" rotate="3" x="-15" y="-37"/>
<Module id="50" rotate="2" x="-5" y="-37"/>
<Module id="65" rotate="0" x="28" y="-37"/>
</Frame>
</Frames>
<Actions>
<Action id="0" name="新动作">
<Frame duration="100" frameId="2"/>
<Frame duration="100" frameId="0"/>
<Frame duration="100" frameId="1"/>
<Frame duration="100" frameId="0"/>
<Frame duration="100" frameId="2"/>
<Frame duration="100" frameId="0"/>
<Frame duration="100" frameId="1"/>
<Frame duration="100" frameId="0"/>
<Frame duration="100" frameId="2"/>
<Frame duration="100" frameId="0"/>
<Frame duration="100" frameId="1"/>
<Frame duration="100" frameId="0"/>
<Frame duration="100" frameId="2"/>
<Frame duration="100" frameId="0"/>
<Frame duration="100" frameId="1"/>
<Frame duration="100" frameId="0"/>
<Frame duration="100" frameId="3"/>
<Frame duration="100" frameId="5"/>
<Frame duration="100" frameId="4"/>
</Action>
<Action id="1" name="新动作">
<Frame duration="100" frameId="0"/>
<Frame duration="100" frameId="7"/>
<Frame duration="100" frameId="6"/>
<Frame duration="100" frameId="8"/>
<Frame duration="100" frameId="9"/>
<Frame duration="100" frameId="10"/>
<Frame duration="100" frameId="12"/>
<Frame duration="100" frameId="11"/>
<Frame duration="100" frameId="10"/>
<Frame duration="100" frameId="3"/>
<Frame duration="100" frameId="5"/>
<Frame duration="100" frameId="4"/>
</Action>
<Action id="2" name="新动作">
<Frame duration="100" frameId="0"/>
<Frame duration="100" frameId="7"/>
<Frame duration="100" frameId="13"/>
<Frame duration="100" frameId="14"/>
<Frame duration="100" frameId="15"/>
<Frame duration="100" frameId="6"/>
<Frame duration="100" frameId="3"/>
<Frame duration="100" frameId="5"/>
<Frame duration="100" frameId="4"/>
</Action>
<Action id="3" name="新动作">
<Frame duration="100" frameId="0"/>
<Frame duration="100" frameId="7"/>
<Frame duration="100" frameId="16"/>
<Frame duration="100" frameId="6"/>
<Frame duration="100" frameId="17"/>
<Frame duration="100" frameId="10"/>
<Frame duration="100" frameId="16"/>
<Frame duration="100" frameId="6"/>
<Frame duration="100" frameId="17"/>
<Frame duration="100" frameId="10"/>
<Frame duration="100" frameId="3"/>
<Frame duration="100" frameId="5"/>
<Frame duration="100" frameId="4"/>
</Action>
<Action id="4" name="新动作">
<Frame duration="100" frameId="0"/>
<Frame duration="100" frameId="18"/>
<Frame duration="100" frameId="19"/>
<Frame duration="100" frameId="20"/>
<Frame duration="100" frameId="21"/>
<Frame duration="100" frameId="22"/>
<Frame duration="100" frameId="3"/>
<Frame duration="100" frameId="4"/>
<Frame duration="100" frameId="5"/>
</Action>
<Action id="5" name="新动作">
<Frame duration="100" frameId="0"/>
<Frame duration="200" frameId="23"/>
<Frame duration="200" frameId="24"/>
<Frame duration="100" frameId="25"/>
<Frame duration="100" frameId="23"/>
</Action>
</Actions>
</ActionGroup>
